dyld[88718]: <37954429-C201-3B32-BABF-6A885778A7FB> /Users/elie/git/magika/tmp/rules-pr-worktree/tmp/comparison-tools/magika2-deferred-spike-v3/magika
dyld[88718]: <7C02D8F4-1921-323C-9D3D-A5D9B0ACDD78> /usr/lib/libiconv.2.dylib
dyld[88718]: <338A5252-594A-3AC5-B274-5AB3CE5820C6> /usr/lib/libcharset.1.dylib
dyld[88718]: <BA6A669A-3BB9-3BC7-85E8-8F0C1E68351E> /usr/lib/libSystem.B.dylib
dyld[88718]: <189B576E-6176-3F82-8FA4-5914B0BEAEE7> /usr/lib/system/libcache.dylib
dyld[88718]: <CE357BB1-2D49-37CC-9FFE-D093936B1475> /usr/lib/system/libcommonCrypto.dylib
dyld[88718]: <AA79151F-C19D-3C7C-92F8-B10F04D82C1C> /usr/lib/system/libcompiler_rt.dylib
dyld[88718]: <8ACFAC7A-88E9-3EF4-853F-A9140FF110E5> /usr/lib/system/libcopyfile.dylib
dyld[88718]: <A01A158D-6FE7-3B1C-A2C4-6BCB90D7314A> /usr/lib/system/libcorecrypto.dylib
dyld[88718]: <F071EFE4-299F-3089-ACC4-0025B8FFB52A> /usr/lib/system/libdispatch.dylib
dyld[88718]: <B147D877-D0C2-388F-B38D-D3132E39905F> /usr/lib/system/libdyld.dylib
dyld[88718]: <8C08891A-DF1C-3DCC-AB64-4742FD6BE9BA> /usr/lib/system/libkeymgr.dylib
dyld[88718]: <755441B4-C034-3E3A-8E3C-F424FBB28261> /usr/lib/system/libmacho.dylib
dyld[88718]: <5849009B-ACA3-3796-94C4-BBDF8D300EBA> /usr/lib/system/libquarantine.dylib
dyld[88718]: <635E661D-80A7-340D-A165-3F7D318FDFC9> /usr/lib/system/libremovefile.dylib
dyld[88718]: <F40838DF-2F15-3F62-970F-DEE25706BF1B> /usr/lib/system/libsystem_asl.dylib
dyld[88718]: <CC947089-488D-316B-A9C7-46DEC0F73145> /usr/lib/system/libsystem_blocks.dylib
dyld[88718]: <694B7881-1BF3-3D0F-8F19-B50AE4E8EF8A> /usr/lib/system/libsystem_c.dylib
dyld[88718]: <72DB5BE7-EF78-37D0-8AAD-53E37CFE4287> /usr/lib/system/libsystem_collections.dylib
dyld[88718]: <0F7BBC1C-3D50-3E59-A31F-E4672A80BCEB> /usr/lib/system/libsystem_configuration.dylib
dyld[88718]: <518BE44D-AA31-31E6-B44B-A37AD5E47040> /usr/lib/system/libsystem_containermanager.dylib
dyld[88718]: <9576143B-C303-35A3-BA63-1FD06EDA2BB1> /usr/lib/system/libsystem_coreservices.dylib
dyld[88718]: <8858F025-745A-388E-9544-080781CC9A69> /usr/lib/system/libsystem_darwin.dylib
dyld[88718]: <CF277A2C-C818-3F16-8B3F-3C7B39FCD164> /usr/lib/system/libsystem_darwindirectory.dylib
dyld[88718]: <6F45DF3F-233B-3BC3-BA8C-B43E7DA884BF> /usr/lib/system/libsystem_dnssd.dylib
dyld[88718]: <DDAC0531-0262-3DDC-8EC8-80EB9438847A> /usr/lib/system/libsystem_eligibility.dylib
dyld[88718]: <71FCFFBD-85F8-3365-AFE0-BECEA4369122> /usr/lib/system/libsystem_featureflags.dylib
dyld[88718]: <3D62F2D9-F516-31BF-83C7-E203D872300B> /usr/lib/system/libsystem_info.dylib
dyld[88718]: <A7E0863C-101A-31A0-922B-ED9B02626151> /usr/lib/system/libsystem_m.dylib
dyld[88718]: <5FAE4807-4D2B-3A95-A63A-DD96D3DA11B4> /usr/lib/system/libsystem_malloc.dylib
dyld[88718]: <0331EE20-A1FB-3C0D-990A-F65939CFF505> /usr/lib/system/libsystem_networkextension.dylib
dyld[88718]: <64D76451-1E0C-369B-A631-54DA3140E083> /usr/lib/system/libsystem_notify.dylib
dyld[88718]: <EC3A75EA-44C0-3A0B-9BF7-71C117B0A9C6> /usr/lib/system/libsystem_sandbox.dylib
dyld[88718]: <44C4234F-8B2D-38D3-A774-B4B3C75AF3A7> /usr/lib/system/libsystem_sanitizers.dylib
dyld[88718]: <E525C566-CDA4-3D99-B12B-1615FD54A1F3> /usr/lib/system/libsystem_secinit.dylib
dyld[88718]: <FCA53B98-3D6A-38B2-A0EC-DF0F7E05F171> /usr/lib/system/libsystem_kernel.dylib
dyld[88718]: <160FD864-8D15-36FC-9E97-9725388CFAFE> /usr/lib/system/libsystem_platform.dylib
dyld[88718]: <4F33683C-18C8-39A1-800B-2E3BD43BCC13> /usr/lib/system/libsystem_pthread.dylib
dyld[88718]: <F5029F5C-1BF3-31C7-892E-BC8606AC829E> /usr/lib/system/libsystem_symptoms.dylib
dyld[88718]: <D0FABAB3-5AE7-3F10-8C62-60CBF5D70850> /usr/lib/system/libsystem_trace.dylib
dyld[88718]: <68C583BA-AFF5-3916-86AE-6E38BFEF98D6> /usr/lib/system/libsystem_trial.dylib
dyld[88718]: <FC8F0C4E-6FB0-3E27-ABEF-B0FA720CD5E4> /usr/lib/system/libunwind.dylib
dyld[88718]: <C40FCAE8-7A17-3D82-87CB-3DA4802ADEF1> /usr/lib/system/libxpc.dylib
dyld[88718]: <FF1D8AE4-ABEF-35F1-A30A-1183B9CB414F> /usr/lib/libobjc.A.dylib
dyld[88718]: <81968438-D94B-390B-A84D-81670E800F3C> /System/Library/PrivateFrameworks/XPCSupport.framework/Versions/A/XPCSupport
dyld[88718]: <4BBD0DA8-C600-3F3A-A38B-6664652FA04A> /System/Library/Frameworks/CoreFoundation.framework/Versions/A/CoreFoundation
dyld[88718]: <7669D858-D332-36C7-9C6C-4564FFBEA8D2> /usr/lib/swift/libswiftCore.dylib
dyld[88718]: <E482D257-E5A0-3816-BD97-7B39342958DA> /usr/lib/libc++abi.dylib
dyld[88718]: <8651ED4F-6506-3788-B56B-32EE414A85CA> /usr/lib/libRosetta.dylib
dyld[88718]: <5013C0F8-84A9-3B56-9FEB-C353816A750F> /usr/lib/libc++.1.dylib
dyld[88718]: <0C8C2A94-A688-3529-B2BB-4640DF195105> /System/Library/Frameworks/Foundation.framework/Versions/C/Foundation
dyld[88718]: <32C98979-0F18-3513-AFAB-2F5D2B9ED0B9> /usr/lib/swift/libswiftObjectiveC.dylib
dyld[88718]: <E42D456E-7FB0-36E3-B32B-6C6E10D19E22> /usr/lib/libswiftPrespecialized.dylib
dyld[88718]: <3E3C91CD-C9CE-3186-B49F-FBF3E6F1696B> /System/Library/Frameworks/SystemConfiguration.framework/Versions/A/SystemConfiguration
dyld[88718]: <863BB312-F115-32B0-889F-D3B42857A7A6> /usr/lib/libz.1.dylib
dyld[88718]: <A53A5066-0626-325A-BADA-9F438AE63BB2> /System/Library/PrivateFrameworks/CoreAutoLayout.framework/Versions/A/CoreAutoLayout
dyld[88718]: <7E0D23E3-6396-3C8C-9796-FA6E34C3D7FE> /usr/lib/libcmark-gfm.dylib
dyld[88718]: <C7FBDAB2-BA25-3B1B-924B-6CD5EB501D3D> /usr/lib/libfakelink.dylib
dyld[88718]: <F9FEA7C5-8DE1-3EE6-BFD3-E8B5698D73A6> /usr/lib/libcompression.dylib
dyld[88718]: <96293549-E281-3713-8ABF-886F0F966951> /System/Library/Frameworks/CFNetwork.framework/Versions/A/CFNetwork
dyld[88718]: <18127B89-B783-3D13-882D-4F601449EA8A> /System/Library/Frameworks/DiskArbitration.framework/Versions/A/DiskArbitration
dyld[88718]: <98ED60D0-2C5C-31A2-81BA-17C9C2312B7E> /usr/lib/libarchive.2.dylib
dyld[88718]: <0770F750-6155-3991-9FDE-968CB42647DF> /usr/lib/libDiagnosticMessagesClient.dylib
dyld[88718]: <EB0C6EA9-E934-3776-9FD1-AF5E473552AA> /usr/lib/libicucore.A.dylib
dyld[88718]: <572562FB-CEAA-3174-955C-D8B748EAD534> /usr/lib/libxml2.2.dylib
dyld[88718]: <FF182FDE-8926-3DFB-8D12-C1258443F67F> /System/Library/Frameworks/CoreServices.framework/Versions/A/CoreServices
dyld[88718]: <150F6708-1CA6-341A-A2A0-46CB1BA1A23C> /usr/lib/liblangid.dylib
dyld[88718]: <13C5D661-B23A-3AD8-88BB-2DE56023B840> /System/Library/Frameworks/IOKit.framework/Versions/A/IOKit
dyld[88718]: <D757C287-429D-3F70-B903-C942A00F2DAA> /System/Library/Frameworks/Combine.framework/Versions/A/Combine
dyld[88718]: <9691DBE8-E342-36B5-8BC3-65954843303A> /System/Library/PrivateFrameworks/CollectionsInternal.framework/Versions/A/CollectionsInternal
dyld[88718]: <EA5C8DB0-0187-3AB8-80B0-5AC888E8CDB1> /System/Library/PrivateFrameworks/ReflectionInternal.framework/Versions/A/ReflectionInternal
dyld[88718]: <04ADBC99-92B0-32EE-98A8-A4D73DCCCE6C> /System/Library/PrivateFrameworks/RuntimeInternal.framework/Versions/A/RuntimeInternal
dyld[88718]: <B47F8999-CDB3-308F-9129-E690590605D8> /System/Library/PrivateFrameworks/SoftLinking.framework/Versions/A/SoftLinking
dyld[88718]: <4C233FFB-F11A-34AA-9515-74C21E8EE968> /usr/lib/swift/libswiftCoreFoundation.dylib
dyld[88718]: <F2EED553-64EC-398C-98BA-32EFDFAE0FC3> /usr/lib/swift/libswiftDarwin.dylib
dyld[88718]: <460CFC58-0973-3A20-B504-A0A294C1E16D> /usr/lib/swift/libswiftDispatch.dylib
dyld[88718]: <D47B9CC1-B622-31ED-8957-FA79ED1718CE> /usr/lib/swift/libswiftIOKit.dylib
dyld[88718]: <A4F80949-97A7-3A1A-A340-45D2D7A5AB89> /usr/lib/swift/libswiftSystem.dylib
dyld[88718]: <0AA69D52-271B-38E0-A156-8BD7F73A4C9C> /usr/lib/swift/libswiftXPC.dylib
dyld[88718]: <15ED1E36-16BC-327E-8FAA-9130DE11923C> /usr/lib/swift/libswift_Builtin_float.dylib
dyld[88718]: <E3545AA1-FF13-3698-8657-91BB23002DF9> /usr/lib/swift/libswift_Concurrency.dylib
dyld[88718]: <2601FA08-2913-3370-89B6-C67DC05AC892> /usr/lib/swift/libswift_DarwinFoundation1.dylib
dyld[88718]: <13999576-EB4F-3A0D-874F-A95AD5D7F296> /usr/lib/swift/libswift_StringProcessing.dylib
dyld[88718]: <49255E53-3F00-3F06-A64A-76A63C798956> /usr/lib/swift/libswiftos.dylib
dyld[88718]: <0FBC8F4C-B825-381C-8728-762844E11392> /System/Library/PrivateFrameworks/CoreServicesInternal.framework/Versions/A/CoreServicesInternal
dyld[88718]: <8651ED4F-6506-3788-B56B-32EE414A85CA> /usr/lib/liboah.dylib
dyld[88718]: <8FDCF5BF-61B9-3D69-BF9E-D134D220B8D9> /System/Library/Frameworks/Security.framework/Versions/A/Security
dyld[88718]: <C3ECF0E6-8383-3ACD-942C-DDC90BC8EC50> /System/Library/PrivateFrameworks/GenerationalStorage.framework/Versions/A/GenerationalStorage
dyld[88718]: <3040663D-7715-37D2-A1D7-52874AEB2F02> /System/Library/PrivateFrameworks/CacheDelete.framework/Versions/A/CacheDelete
dyld[88718]: <16775C1A-3860-3A98-9C55-ED7C26BC1DE5> /System/Library/Frameworks/QuickLookThumbnailing.framework/Versions/A/QuickLookThumbnailing
dyld[88718]: <97C2F59F-171B-3AAF-A0F5-9B123705CA7B> /System/Library/Frameworks/FileProvider.framework/Versions/A/FileProvider
dyld[88718]: <C8288C8D-4483-3393-B249-E952FFAF1EBE> /System/Library/PrivateFrameworks/DiskImages.framework/Versions/A/DiskImages
dyld[88718]: <EC590F25-F5DD-35D6-A594-4BE577637264> /System/Library/Frameworks/NetFS.framework/Versions/A/NetFS
dyld[88718]: <DDE1A537-370A-314A-BA9A-43FCB5D4B867> /System/Library/PrivateFrameworks/DesktopServicesPriv.framework/Versions/A/DesktopServicesPriv
dyld[88718]: <7AA0D80A-3240-37B5-94D2-0C9B14103993> /System/Library/Frameworks/CoreServices.framework/Versions/A/Frameworks/FSEvents.framework/Versions/A/FSEvents
dyld[88718]: <D5517285-3BB1-37C7-9ECA-B9E6D99DF7CF> /System/Library/Frameworks/CoreServices.framework/Versions/A/Frameworks/CarbonCore.framework/Versions/A/CarbonCore
dyld[88718]: <E968E783-21CF-32A8-9C69-6C6870C36CDC> /System/Library/Frameworks/CoreServices.framework/Versions/A/Frameworks/Metadata.framework/Versions/A/Metadata
dyld[88718]: <F42F7727-9C73-3148-B41C-186607715B54> /System/Library/Frameworks/CoreServices.framework/Versions/A/Frameworks/OSServices.framework/Versions/A/OSServices
dyld[88718]: <B73B7F8E-666B-33EA-AC89-9DE4F7C25835> /System/Library/Frameworks/CoreServices.framework/Versions/A/Frameworks/SearchKit.framework/Versions/A/SearchKit
dyld[88718]: <0B347618-0BCF-3104-84B4-C0C0909E9C80> /System/Library/Frameworks/CoreServices.framework/Versions/A/Frameworks/AE.framework/Versions/A/AE
dyld[88718]: <F32798D4-CA63-3935-B694-F45DAFFE5655> /System/Library/Frameworks/CoreServices.framework/Versions/A/Frameworks/LaunchServices.framework/Versions/A/LaunchServices
dyld[88718]: <1C33980B-2B1B-3374-8DFF-C0589BDA8D37> /System/Library/Frameworks/CoreServices.framework/Versions/A/Frameworks/DictionaryServices.framework/Versions/A/DictionaryServices
dyld[88718]: <997A2621-7998-38C3-B92C-7BD5A2A2B066> /System/Library/Frameworks/CoreServices.framework/Versions/A/Frameworks/SharedFileList.framework/Versions/A/SharedFileList
dyld[88718]: <7C8B8B14-EC40-3F5B-8265-8975D4D4E83B> /usr/lib/libapple_nghttp2.dylib
dyld[88718]: <2197AD4A-E0F8-38FF-924C-D9A97343680F> /usr/lib/libsqlite3.dylib
dyld[88718]: <4FD07F3E-B251-3CF7-9EB4-95A7057585A7> /System/Library/Frameworks/Accounts.framework/Versions/A/Accounts
dyld[88718]: <194F7207-6AA5-318A-9C19-735CD3D9B8BB> /System/Library/PrivateFrameworks/AOSKit.framework/Versions/A/AOSKit
dyld[88718]: <18B5AD6A-ADD8-3AC3-A4C5-47099F6DB9C0> /System/Library/PrivateFrameworks/AppSSOCore.framework/Versions/A/AppSSOCore
dyld[88718]: <7410CCEF-077F-37FF-B0B0-5D65B0D2F66C> /System/Library/PrivateFrameworks/AppSupport.framework/Versions/A/AppSupport
dyld[88718]: <52AAB771-EA83-316A-9923-14E3F691D801> /System/Library/Frameworks/AVFoundation.framework/Versions/A/AVFoundation
dyld[88718]: <F2F9357F-F37E-39A8-938A-6BFD7F8B21FA> /System/Library/PrivateFrameworks/BackgroundSystemTasks.framework/Versions/A/BackgroundSystemTasks
dyld[88718]: <5F3582B5-C44E-3B5A-8C3D-E4DA63B8C6D8> /System/Library/PrivateFrameworks/CoreAnalytics.framework/Versions/A/CoreAnalytics
dyld[88718]: <3B96EADF-571C-3690-B5CE-7672B45CE859> /System/Library/Frameworks/CoreGraphics.framework/Versions/A/CoreGraphics
dyld[88718]: <EBC77AB0-599A-39E1-97E4-F0158AB3CBB3> /System/Library/PrivateFrameworks/DuetActivityScheduler.framework/Versions/A/DuetActivityScheduler
dyld[88718]: <7D32291B-1981-39DE-9282-6009A56ED5FE> /System/Library/PrivateFrameworks/FTServices.framework/Versions/A/FTServices
dyld[88718]: <9149B4E1-8502-3A93-9944-61323F4725E1> /System/Library/Frameworks/GSS.framework/Versions/A/GSS
dyld[88718]: <E9D66213-9909-311D-8AB4-798EF0C8C82B> /System/Library/PrivateFrameworks/InternationalSupport.framework/Versions/A/InternationalSupport
dyld[88718]: <FB0BC6F6-2C3E-3EF4-B946-96FF272A824F> /usr/lib/libMemoryResourceException.dylib
dyld[88718]: <26587823-FC1E-3F37-B8D7-EB22A0ADA616> /System/Library/PrivateFrameworks/NetworkScore.framework/Versions/A/NetworkScore
dyld[88718]: <C405B306-415A-30CB-BF59-25BB31EF0447> /System/Library/PrivateFrameworks/NetworkServiceProxy.framework/Versions/A/NetworkServiceProxy
dyld[88718]: <38F6DAD8-C5D2-37D8-9915-1CE94A572062> /System/Library/PrivateFrameworks/RunningBoardServices.framework/Versions/A/RunningBoardServices
dyld[88718]: <97FF536D-6E2A-3879-BD07-4B04CB206793> /System/Library/PrivateFrameworks/StreamingExtractor.framework/Versions/A/StreamingExtractor
dyld[88718]: <F297C9A4-AEDF-3553-B20E-CD7DFC54CC0B> /System/Library/PrivateFrameworks/StreamingZip.framework/Versions/A/StreamingZip
dyld[88718]: <732705F3-D3CB-3DAE-8F1D-F78ACB7A1830> /System/Library/PrivateFrameworks/SymptomReporter.framework/Versions/A/SymptomReporter
dyld[88718]: <E59503ED-FB38-3FBC-8999-83124D31645B> /usr/lib/libenergytrace.dylib
dyld[88718]: <E69A1A8C-FF57-3EF1-AA54-18641187E2E7> /usr/lib/libnetworkextension.dylib
dyld[88718]: <C901F589-30E9-3847-B8FD-0DA14F3E8A09> /System/Library/Frameworks/Network.framework/Versions/A/Network
dyld[88718]: <D82537E0-FE06-3158-BC46-D1073D1D4384> /usr/lib/libbsm.0.dylib
dyld[88718]: <907233E7-3366-3FB9-B000-F20DB619DA61> /usr/lib/system/libkxld.dylib
dyld[88718]: <0DE316FC-3C90-3738-8C19-A74D6E247698> /System/Library/PrivateFrameworks/AppleKeyStore.framework/Versions/A/AppleKeyStore
dyld[88718]: <C9580199-FB51-35A3-AFCE-D4B3464E6E23> /usr/lib/libCoreEntitlements.dylib
dyld[88718]: <0BAED8A7-51DE-39EE-9686-893CE0916B1B> /System/Library/PrivateFrameworks/MessageSecurity.framework/Versions/A/MessageSecurity
dyld[88718]: <52A2B4A4-4DB3-3FC3-B3F1-21E64D2F2003> /System/Library/PrivateFrameworks/ProtocolBuffer.framework/Versions/A/ProtocolBuffer
dyld[88718]: <9BF79FE7-B363-30F5-B09F-6B2054584F30> /System/Library/PrivateFrameworks/CloudServices.framework/Versions/A/CloudServices
dyld[88718]: <FF9F1A47-EE31-3182-9AA1-4D325D6DA8A0> /System/Library/PrivateFrameworks/SymptomDiagnosticReporter.framework/Versions/A/SymptomDiagnosticReporter
dyld[88718]: <482F92F1-D855-36EC-8E3D-C084CFA61B27> /System/Library/PrivateFrameworks/CrashReporterSupport.framework/Versions/A/CrashReporterSupport
dyld[88718]: <FA923504-DDCB-3138-ACC5-FB1D38183C78> /usr/lib/libMobileGestalt.dylib
dyld[88718]: <1B79BCD7-4B46-302B-8008-86CBD62FEB0A> /System/Library/PrivateFrameworks/AppleFSCompression.framework/Versions/A/AppleFSCompression
dyld[88718]: <888DACFD-0135-3166-83EE-4E14D9A4A98B> /usr/lib/libcoretls.dylib
dyld[88718]: <236BD946-7627-367C-8150-FCC9297471E1> /usr/lib/libcoretls_cfhelpers.dylib
dyld[88718]: <24C42EB6-FC23-3D66-A260-CAD78EF8637B> /usr/lib/libpam.2.dylib
dyld[88718]: <689E5ED9-2D46-3B4C-8942-B5A6D7495445> /usr/lib/libxar.1.dylib
dyld[88718]: <D26A2CE1-9650-3242-B82B-040554465DFA> /System/Library/PrivateFrameworks/APFS.framework/Versions/A/APFS
dyld[88718]: <B9F3D5F5-9880-3CFB-B799-1A2DE78AD70B> /System/Library/PrivateFrameworks/SwiftASN1Internal.framework/Versions/A/SwiftASN1Internal
dyld[88718]: <93D2F3FE-6001-3A87-BF89-3ECABFF334CE> /usr/lib/libutil.dylib
dyld[88718]: <1AF0471A-7CA4-363A-A88C-878F918559C3> /System/Library/PrivateFrameworks/AppleSystemInfo.framework/Versions/A/AppleSystemInfo
dyld[88718]: <AD6AF1CD-4106-32CB-9512-A51BD8DAC459> /System/Library/PrivateFrameworks/IOMobileFramebuffer.framework/Versions/A/IOMobileFramebuffer
dyld[88718]: <B572C01C-59C9-3A03-9EA2-899DE87F3702> /System/Library/Frameworks/IOSurface.framework/Versions/A/IOSurface
dyld[88718]: <29E96A67-76A9-351D-BAA7-FC6DCF3A0D58> /System/Library/PrivateFrameworks/CoreWiFi.framework/Versions/A/CoreWiFi
dyld[88718]: <2619A5F3-D97D-3946-B49A-5FA3164FB197> /System/Library/PrivateFrameworks/LoggingSupport.framework/Versions/A/LoggingSupport
dyld[88718]: <95D9C5B8-40A8-3F25-B1FC-C4468D133923> /System/Library/PrivateFrameworks/MobileAsset.framework/Versions/A/MobileAsset
dyld[88718]: <BE05FF5C-4DE3-3B2C-B20F-BC5D46938816> /System/Library/PrivateFrameworks/PowerLog.framework/Versions/A/PowerLog
dyld[88718]: <5391C234-E4D0-32FB-BFFF-70CFEBBF5525> /System/Library/PrivateFrameworks/Rapport.framework/Versions/A/Rapport
dyld[88718]: <69089200-C33B-348E-8E66-8C5954BCF335> /System/Library/Frameworks/SwiftData.framework/Versions/A/SwiftData
dyld[88718]: <0DC18DF7-F4CA-3749-B830-55F265F93B19> /System/Library/PrivateFrameworks/Symptoms.framework/Versions/A/Frameworks/SymptomAnalytics.framework/Versions/A/SymptomAnalytics
dyld[88718]: <D24AEC54-C332-3707-A7CC-BB0710F6D193> /System/Library/Frameworks/UniformTypeIdentifiers.framework/Versions/A/UniformTypeIdentifiers
dyld[88718]: <20A5542F-F968-33E9-ABEE-DF2829C727ED> /System/Library/PrivateFrameworks/UserManagement.framework/Versions/A/UserManagement
dyld[88718]: <611779E1-4B3F-310E-B070-1062D4707AA4> /usr/lib/libboringssl.dylib
dyld[88718]: <AF08B871-2766-3B85-AEA5-BC116DA7E632> /usr/lib/libcupolicy.dylib
dyld[88718]: <E8717AA2-B706-36BB-A8FF-7EB3E64E58D5> /usr/lib/libdns_services.dylib
dyld[88718]: <8618B266-AF27-3652-8E9A-7CCC336C9DA5> /System/Library/Frameworks/NetworkExtension.framework/Versions/A/NetworkExtension
dyld[88718]: <8F979321-9F6A-3ABF-B141-96BB1BED3990> /usr/lib/libnwswifttls.dylib
dyld[88718]: <E0FC59B4-B5A8-3C6C-96CF-C7AE956C413C> /usr/lib/libpcap.A.dylib
dyld[88718]: <18372066-7FBC-34AD-AD6B-A7D31A879F8D> /usr/lib/libquic.dylib
dyld[88718]: <54F1B848-D6B1-3DB0-B640-FA6A86262C1D> /usr/lib/libusrtcp.dylib
dyld[88718]: <5BFF8B6A-704D-3822-804F-ED870A72A295> /System/Library/PrivateFrameworks/AtomicsInternal.framework/Versions/A/AtomicsInternal
dyld[88718]: <41595ABE-4110-3482-8DA3-839277732E08> /System/Library/PrivateFrameworks/InternalSwiftProtobuf.framework/Versions/A/InternalSwiftProtobuf
dyld[88718]: <67A11C98-0E0D-3DF8-846F-34276C54ECF3> /usr/lib/swift/libswiftDistributed.dylib
dyld[88718]: <CE9EF53F-E72B-32EC-A1F9-8EBE59A4F1BA> /usr/lib/swift/libswiftObservation.dylib
dyld[88718]: <1A965373-0DB6-3B50-BE38-52C30D67A090> /usr/lib/swift/libswiftSynchronization.dylib
dyld[88718]: <9526ACB3-9F77-3C63-94E3-1F7FF9FFD848> /System/Library/PrivateFrameworks/AggregateDictionary.framework/Versions/A/AggregateDictionary
dyld[88718]: <169C3E11-9BAB-3BF3-91E4-2B10391534F5> /System/Library/PrivateFrameworks/CoreDuetContext.framework/Versions/A/CoreDuetContext
dyld[88718]: <9C4145CD-3C99-35D4-930E-8F0BA4D34596> /System/Library/PrivateFrameworks/BiomeLibrary.framework/Versions/A/BiomeLibrary
dyld[88718]: <E8B64A4F-69E1-3E8D-8AE1-DF623A6F9145> /System/Library/PrivateFrameworks/CoreDuet.framework/Versions/A/CoreDuet
dyld[88718]: <B05E6A84-BC87-3977-B790-2391073FF393> /System/Library/PrivateFrameworks/BiomeStreams.framework/Versions/A/BiomeStreams
dyld[88718]: <6F0943D8-345B-328C-8A5E-8D10B3BC3CC3> /System/Library/PrivateFrameworks/BiomeFoundation.framework/Versions/A/BiomeFoundation
dyld[88718]: <5BA2374F-9154-3DC4-A761-D3C6E167F148> /System/Library/PrivateFrameworks/BiomePubSub.framework/Versions/A/BiomePubSub
dyld[88718]: <0A6EBD87-B6D8-3CFB-88A9-A091CE155610> /System/Library/Frameworks/CoreData.framework/Versions/A/CoreData
dyld[88718]: <29BBA828-5852-3A0C-94D9-C03990CB86CA> /System/Library/PrivateFrameworks/ProactiveSupport.framework/Versions/A/ProactiveSupport
dyld[88718]: <0B130666-4338-377E-B4F4-C12280DE050C> /System/Library/Frameworks/CoreLocation.framework/Versions/A/CoreLocation
dyld[88718]: <4809E70A-7A2F-372C-BA73-90ED2A92A18A> /System/Library/Frameworks/Intents.framework/Versions/A/Intents
dyld[88718]: <7A1955ED-8083-32DC-801A-98997129A200> /System/Library/Frameworks/_LocationEssentials.framework/Versions/A/_LocationEssentials
dyld[88718]: <9F5AA0F6-7C29-3699-8AA3-C7B56284D3F4> /usr/lib/liblzma.5.dylib
dyld[88718]: <1DF31AEA-3D8E-382D-9493-D74635AA1CD4> /System/Library/Frameworks/Accelerate.framework/Versions/A/Accelerate
dyld[88718]: <DD679B3D-7C31-3A73-AA3F-E38AE71F6082> /System/Library/PrivateFrameworks/MobileKeyBag.framework/Versions/A/MobileKeyBag
dyld[88718]: <F227A966-D677-379F-BAEF-89DC18A81AB7> /System/Library/PrivateFrameworks/InternationalTextSearch.framework/Versions/A/InternationalTextSearch
dyld[88718]: <34E714DF-AC10-3E52-862E-7FD8AE96EFA7> /System/Library/PrivateFrameworks/SoftwareUpdateCoreSupport.framework/Versions/A/SoftwareUpdateCoreSupport
dyld[88718]: <8B5F0FE6-EFC0-32B3-8414-6E67E97CCD87> /System/Library/PrivateFrameworks/SoftwareUpdateCoreConnect.framework/Versions/A/SoftwareUpdateCoreConnect
dyld[88718]: <CA4D9399-0E89-3014-92DD-B722678ED9F6> /System/Library/PrivateFrameworks/RemoteServiceDiscovery.framework/Versions/A/RemoteServiceDiscovery
dyld[88718]: <B73070EE-3FE8-354E-A3BB-84894636D3BA> /System/Library/PrivateFrameworks/MSUDataAccessor.framework/Versions/A/MSUDataAccessor
dyld[88718]: <53AF23CF-CBCF-35E7-A3D6-1C4742A617AD> /usr/lib/libbootpolicy.dylib
dyld[88718]: <8CA8360A-FE67-33A5-AEE4-097AEE5B945C> /System/Library/PrivateFrameworks/RemoteXPC.framework/Versions/A/RemoteXPC
dyld[88718]: <62340EBF-17DB-3393-9653-003A30263E5D> /usr/lib/libFDR.dylib
dyld[88718]: <C01C56CE-81B4-308E-A1BE-07C445941133> /usr/lib/libamsupport.dylib
dyld[88718]: <37A5DD0C-9615-3BBD-8A88-0451A406D25F> /usr/lib/libReverseProxyDevice.dylib
dyld[88718]: <B517FF44-3D3C-333E-BA06-5BF7F91B6D7E> /System/Library/PrivateFrameworks/AppleDeviceQuerySupport.framework/Versions/A/AppleDeviceQuerySupport
dyld[88718]: <B57303C4-A549-35C8-9857-DEAC6891A79D> /usr/lib/libpartition2_dynamic.dylib
dyld[88718]: <9F8F8959-64E3-3B88-BC05-20ACA5436052> /System/Library/PrivateFrameworks/AppleSauce.framework/Versions/A/AppleSauce
dyld[88718]: <0FBEE8ED-BE69-3AC5-AC4E-6C28EEC29CF6> /usr/lib/libAppleArchive.dylib
dyld[88718]: <928515D6-6108-3757-97F4-256F9F9CFBC8> /usr/lib/libbz2.1.0.dylib
dyld[88718]: <F2338A5A-848F-3745-9C95-92835FED69BC> /System/Library/Frameworks/Accelerate.framework/Versions/A/Frameworks/vImage.framework/Versions/A/vImage
dyld[88718]: <46556F2E-DD6B-3A4A-B2A3-4F844ED123EC> /System/Library/Frameworks/Accelerate.framework/Versions/A/Frameworks/vecLib.framework/Versions/A/vecLib
dyld[88718]: <73154851-2341-34B7-8214-625C9219A676> /System/Library/Frameworks/Accelerate.framework/Versions/A/Frameworks/vecLib.framework/Versions/A/libvMisc.dylib
dyld[88718]: <B59103FB-2AB1-3575-B44E-332566B8E524> /System/Library/Frameworks/Accelerate.framework/Versions/A/Frameworks/vImage.framework/Versions/A/Libraries/libCGInterfaces.dylib
dyld[88718]: <26E9BCE0-A43C-3312-ACCF-4371CF749ABD> /System/Library/PrivateFrameworks/AccelerateGPU.framework/Versions/A/AccelerateGPU
dyld[88718]: <F078C775-D8DC-3C4D-879F-A9BB228DBE06> /System/Library/Frameworks/Accelerate.framework/Versions/A/Frameworks/vecLib.framework/Versions/A/libBLAS.dylib
dyld[88718]: <F8C449A5-01C3-3728-AD27-D615CD76AE28> /System/Library/Frameworks/ApplicationServices.framework/Versions/A/ApplicationServices
dyld[88718]: <8A36CB95-D65E-3838-8837-22FD9A7E3D9C> /System/Library/Frameworks/CoreVideo.framework/Versions/A/CoreVideo
dyld[88718]: <24C07C0F-03C6-302B-9E54-5ED3A01B730E> /System/Library/Frameworks/ColorSync.framework/Versions/A/ColorSync
dyld[88718]: <9F6BA277-F8CA-38F6-80D3-897B304A0D4F> /System/Library/Frameworks/CoreText.framework/Versions/A/CoreText
dyld[88718]: <EEB840D5-3559-386F-BBD3-D24AA749D2EC> /System/Library/Frameworks/ImageIO.framework/Versions/A/ImageIO
dyld[88718]: <FB4E0EBB-6886-3EDB-AED1-F9A63496889A> /System/Library/Frameworks/ApplicationServices.framework/Versions/A/Frameworks/ATS.framework/Versions/A/ATS
dyld[88718]: <34C40608-353D-3A06-BBF1-6B927CB8B39D> /System/Library/Frameworks/ApplicationServices.framework/Versions/A/Frameworks/HIServices.framework/Versions/A/HIServices
dyld[88718]: <CFCCA576-9B0F-333F-90CC-50202E57874D> /System/Library/Frameworks/ApplicationServices.framework/Versions/A/Frameworks/PrintCore.framework/Versions/A/PrintCore
dyld[88718]: <A3E51F97-7B2E-3BFA-8F10-918531B7F52D> /System/Library/Frameworks/ApplicationServices.framework/Versions/A/Frameworks/QD.framework/Versions/A/QD
dyld[88718]: <BAF488A8-B84C-3A76-80AD-33AFDDCF1E20> /System/Library/Frameworks/ApplicationServices.framework/Versions/A/Frameworks/ColorSyncLegacy.framework/Versions/A/ColorSyncLegacy
dyld[88718]: <BE00EBFA-9214-3004-90AC-0BD224B51E69> /System/Library/Frameworks/ApplicationServices.framework/Versions/A/Frameworks/SpeechSynthesis.framework/Versions/A/SpeechSynthesis
dyld[88718]: <6F1978A2-1B8A-3A44-903D-532EED7106EB> /System/Library/PrivateFrameworks/SkyLight.framework/Versions/A/SkyLight
dyld[88718]: <BEE48214-EE69-3830-BDED-ED0C88434BC1> /System/Library/PrivateFrameworks/FontServices.framework/libFontParser.dylib
dyld[88718]: <03F3FD64-6BF3-326A-8004-C4EE9563571A> /System/Library/PrivateFrameworks/BaseBoard.framework/Versions/A/BaseBoard
dyld[88718]: <B4561AEC-EE52-3447-960B-4D2F2F3EF720> /System/Library/PrivateFrameworks/BoardServices.framework/Versions/A/BoardServices
dyld[88718]: <DDC32AF8-8864-3DE0-A855-5283510925B9> /System/Library/PrivateFrameworks/BackBoardServices.framework/Versions/A/BackBoardServices
dyld[88718]: <0F0C872C-C531-3898-95BF-3BF1817C87FC> /System/Library/PrivateFrameworks/BackBoardHIDEventFoundation.framework/Versions/A/BackBoardHIDEventFoundation
dyld[88718]: <C5ACFCC5-A8E3-3DA5-BEB8-F3F3B932BD63> /System/Library/Frameworks/CoreDisplay.framework/Versions/A/CoreDisplay
dyld[88718]: <E0E56BFC-6557-37D7-B729-E48E65E9C18D> /System/Library/Frameworks/VideoToolbox.framework/Versions/A/VideoToolbox
dyld[88718]: <1FC17E05-127E-3222-B3A2-72912C49821C> /System/Library/Frameworks/MetalPerformanceShaders.framework/Versions/A/MetalPerformanceShaders
dyld[88718]: <C91E3E87-39F7-3515-8D68-33537486959D> /System/Library/PrivateFrameworks/ProDisplayLibrary.framework/Versions/A/ProDisplayLibrary
dyld[88718]: <70103161-0443-3F67-85D7-BD25455F271F> /System/Library/PrivateFrameworks/IOSurfaceAccelerator.framework/Versions/A/IOSurfaceAccelerator
dyld[88718]: <A5124C88-37B2-3F0D-94AC-B9A984420F0C> /System/Library/Frameworks/Metal.framework/Versions/A/Metal
dyld[88718]: <1A671DA5-99DE-3CFC-83BF-2563BFA4E32F> /System/Library/PrivateFrameworks/IOAccelerator.framework/Versions/A/IOAccelerator
dyld[88718]: <AA302266-89A8-33AB-80EC-D93AD5E35220> /System/Library/Frameworks/CoreMedia.framework/Versions/A/CoreMedia
dyld[88718]: <46AC4453-DB23-3C07-A0EB-A68277A24098> /System/Library/PrivateFrameworks/TCC.framework/Versions/A/TCC
dyld[88718]: <05DDF467-0A3F-3F3F-821F-3063D15BDDF6> /System/Library/PrivateFrameworks/WatchdogClient.framework/Versions/A/WatchdogClient
dyld[88718]: <4D34EB4E-2BBB-3751-A362-8E2EB74656E8> /System/Library/Frameworks/QuartzCore.framework/Versions/A/QuartzCore
dyld[88718]: <20C49E65-4FDC-3FA2-ADD2-8BD540F8849B> /System/Library/PrivateFrameworks/MultitouchSupport.framework/Versions/A/MultitouchSupport
dyld[88718]: <4A2ADA9C-22FB-307F-AA1E-1D85F1579BCF> /usr/lib/swift/libswiftAccelerate.dylib
dyld[88718]: <23AF0BE1-B688-3E32-90BB-920D0C00036A> /usr/lib/swift/libswiftCoreAudio.dylib
dyld[88718]: <B6F90BD5-F45A-3775-9479-E7866DF6EE3D> /usr/lib/swift/libswiftCoreMedia.dylib
dyld[88718]: <16B01E1B-6BDD-3C6B-9A8B-495C3B661B9B> /usr/lib/swift/libswiftMetal.dylib
dyld[88718]: <964AB4ED-4361-33BF-949F-C7DE591C5EBE> /usr/lib/swift/libswiftOSLog.dylib
dyld[88718]: <481AAE69-579E-3DF4-B1F0-113E54B8EAA9> /usr/lib/swift/libswiftQuartzCore.dylib
dyld[88718]: <BD304D00-8CE3-3528-914A-DBAD4831A95E> /usr/lib/swift/libswiftUniformTypeIdentifiers.dylib
dyld[88718]: <7E497740-11CD-3B32-A69E-019CD415FCA7> /usr/lib/swift/libswiftVideoToolbox.dylib
dyld[88718]: <C949C0B7-988E-3352-9778-3568FC2BC4EA> /usr/lib/swift/libswiftsimd.dylib
dyld[88718]: <A69679B4-A9DF-39B0-B361-F116246BB7D7> /System/Library/PrivateFrameworks/BiomeStorage.framework/Versions/A/BiomeStorage
dyld[88718]: <A1865439-B63E-3211-A2C4-DAE7F7D25698> /System/Library/PrivateFrameworks/IntelligencePlatformLibrary.framework/Versions/A/IntelligencePlatformLibrary
dyld[88718]: <31B04A5B-1569-37D6-B5E3-22CA260A9A41> /System/Library/PrivateFrameworks/PoirotSchematizer.framework/Versions/A/PoirotSchematizer
dyld[88718]: <BD7C9096-8861-331A-BBD3-FC18BE64D611> /System/Library/PrivateFrameworks/BiomeSync.framework/Versions/A/BiomeSync
dyld[88718]: <F43D5A2A-4470-3827-8CCD-3E7AAA76242E> /System/Library/PrivateFrameworks/BiomeDSL.framework/Versions/A/BiomeDSL
dyld[88718]: <9F17EE22-3F47-3F98-A9B9-1C46372AEE83> /System/Library/PrivateFrameworks/FeatureFlags.framework/Versions/A/FeatureFlags
dyld[88718]: <257AE39F-8DAA-36F7-A806-1A38920A0131> /System/Library/PrivateFrameworks/PoirotUDFs.framework/Versions/A/PoirotUDFs
dyld[88718]: <38242BFE-54C8-3838-AE88-0083F7328580> /usr/lib/swift/libswift_DarwinFoundation2.dylib
dyld[88718]: <6CFBAAE9-7293-3A51-83B9-E3988230EAC2> /usr/lib/swift/libswift_DarwinFoundation3.dylib
dyld[88718]: <FD342B51-EA5D-388C-9BAB-29F7670FE3FB> /System/Library/PrivateFrameworks/CoreTime.framework/Versions/A/CoreTime
dyld[88718]: <F6CD54D6-1342-3624-9949-5690E8135D66> /System/Library/PrivateFrameworks/PoirotSQLite.framework/Versions/A/PoirotSQLite
dyld[88718]: <2FED4499-861B-37B8-8C94-5ABC7FD49726> /usr/lib/swift/libswift_RegexParser.dylib
dyld[88718]: <137A490E-E366-31C3-A126-FDB5550738F7> /System/Library/PrivateFrameworks/CascadeSets.framework/Versions/A/CascadeSets
dyld[88718]: <CF1CBC2C-A525-3C79-B709-D5C23B2CB33A> /System/Library/PrivateFrameworks/CorePhoneNumbers.framework/Versions/A/CorePhoneNumbers
dyld[88718]: <63F815E9-899E-3F5E-8837-43C168F606C6> /System/Library/PrivateFrameworks/AppleJPEG.framework/Versions/A/AppleJPEG
dyld[88718]: <B7EE1C84-0D24-3B3F-8A1F-94ADDCFE777C> /usr/lib/libexpat.1.dylib
dyld[88718]: <00E32167-5D99-3AC7-A74F-6954A84D09A9> /System/Library/Frameworks/ImageIO.framework/Versions/A/Resources/libPng.dylib
dyld[88718]: <56756A7F-9BBE-38B8-85C4-719610A6C089> /System/Library/Frameworks/ImageIO.framework/Versions/A/Resources/libTIFF.dylib
dyld[88718]: <B001874B-CE97-3379-952E-0E0FCC4270A6> /System/Library/Frameworks/ImageIO.framework/Versions/A/Resources/libGIF.dylib
dyld[88718]: <8D5B9707-E8DE-393F-9677-9084581261CD> /System/Library/Frameworks/ImageIO.framework/Versions/A/Resources/libJP2.dylib
dyld[88718]: <30643AB8-BA08-3222-9AD2-64248E503B89> /usr/lib/libate.dylib
dyld[88718]: <92BE8449-C2AA-3EAD-B038-777516E4C9E0> /System/Library/Frameworks/ImageIO.framework/Versions/A/Resources/libJPEG.dylib
dyld[88718]: <3A6C1170-7833-3098-BA1A-4B0E39186F0E> /System/Library/Frameworks/ImageIO.framework/Versions/A/Resources/libRadiance.dylib
dyld[88718]: <DA37B086-97F7-3DC1-AA07-442AECCB1666> /System/Library/PrivateFrameworks/GPUCompiler.framework/Versions/32023/Libraries/libllvm-flatbuffers.dylib
dyld[88718]: <0CEB865C-17EB-3C26-B9C0-CE3689942DB2> /System/Library/PrivateFrameworks/FramePacing.framework/Versions/A/FramePacing
dyld[88718]: <6B2BF8F5-A992-3C28-9BCE-CDC8E4D40E78> /System/Library/Frameworks/OpenGL.framework/Versions/A/Libraries/libCoreFSCache.dylib
dyld[88718]: <C4FEB8D0-1E65-3664-8CBE-0FFAB464AABC> /System/Library/PrivateFrameworks/GPUCompiler.framework/Versions/32023/Libraries/libGPUCompilerUtils.dylib
dyld[88718]: <4236E533-C3F8-340F-A462-F15D599395A8> /System/Library/PrivateFrameworks/GraphicsServices.framework/Versions/A/GraphicsServices
dyld[88718]: <E473AA13-611E-32CB-A676-213173E3AA9E> /System/Library/Frameworks/OpenGL.framework/Versions/A/OpenGL
dyld[88718]: <04FFC1B1-DD4D-3355-8EBD-FEA62D339822> /System/Library/Frameworks/OpenGL.framework/Versions/A/Libraries/libGLU.dylib
dyld[88718]: <C699C599-0DD8-302A-A96F-3C50B9BD5BC7> /System/Library/Frameworks/OpenGL.framework/Versions/A/Libraries/libGFXShared.dylib
dyld[88718]: <110554B2-60B8-39FE-B33B-27CE9F4E5F05> /System/Library/Frameworks/OpenGL.framework/Versions/A/Libraries/libGL.dylib
dyld[88718]: <FC8B70C2-0EAE-303D-AF43-459CA7FB4B15> /System/Library/Frameworks/OpenGL.framework/Versions/A/Libraries/libGLImage.dylib
dyld[88718]: <B2CF6AE8-6BAA-3374-BF7E-311343B0104D> /System/Library/Frameworks/OpenGL.framework/Versions/A/Libraries/libCVMSPluginSupport.dylib
dyld[88718]: <5E0DFF0A-81BA-36FB-9AD5-E3494D15B2CA> /System/Library/Frameworks/OpenGL.framework/Versions/A/Libraries/libCoreVMClient.dylib
dyld[88718]: <1644240B-3D71-35E7-AC5B-2A69E6B29535> /System/Library/PrivateFrameworks/GPUWrangler.framework/Versions/A/GPUWrangler
dyld[88718]: <C9C0A630-F275-3ABE-BFE2-86ECE91F83CA> /System/Library/PrivateFrameworks/IOPresentment.framework/Versions/A/IOPresentment
dyld[88718]: <DDF7A5A5-72F8-3580-9FF6-2A02E4ADE864> /System/Library/PrivateFrameworks/DSExternalDisplay.framework/Versions/A/DSExternalDisplay
dyld[88718]: <C881C3D9-A5B6-36D5-B11A-4EE6D037DD24> /System/Library/PrivateFrameworks/VideoToolboxParavirtualizationSupport.framework/Versions/A/VideoToolboxParavirtualizationSupport
dyld[88718]: <6CFBB631-D1EF-3D92-AE69-6758E7BDE4C5> /System/Library/PrivateFrameworks/AppleVA.framework/Versions/A/AppleVA
dyld[88718]: <A3567BE3-4AA2-3554-81AE-FE7EF41E535B> /System/Library/Frameworks/ExtensionFoundation.framework/Versions/A/ExtensionFoundation
dyld[88718]: <95190CD1-3456-355B-9369-5604AA49C1F3> /System/Library/PrivateFrameworks/CMCaptureCore.framework/Versions/A/CMCaptureCore
dyld[88718]: <5EAE94A8-4A96-3DBD-8FC6-DA684427813F> /usr/lib/libspindump.dylib
dyld[88718]: <242B3E7E-7A94-33DA-9D5B-C6739557CEB9> /System/Library/Frameworks/CoreAudio.framework/Versions/A/CoreAudio
dyld[88718]: <AB36D838-16DB-3974-ABEC-220B5026013E> /System/Library/PrivateFrameworks/AppServerSupport.framework/Versions/A/AppServerSupport
dyld[88718]: <63F6F6B4-A2A8-3647-BDEB-50508AE91B8F> /System/Library/PrivateFrameworks/perfdata.framework/Versions/A/perfdata
dyld[88718]: <1AF9DA91-6C62-302A-B3F4-FBDDD9FE36DB> /System/Library/PrivateFrameworks/AudioDSPGraph.framework/Versions/A/AudioDSPGraph
dyld[88718]: <868DF717-7563-39D0-95EB-19AB37629A5A> /System/Library/PrivateFrameworks/AudioToolboxCore.framework/Versions/A/AudioToolboxCore
dyld[88718]: <47E71130-9608-3D99-ACEB-DF5638BC08DF> /System/Library/PrivateFrameworks/caulk.framework/Versions/A/caulk
dyld[88718]: <9AD96BE7-444B-3641-9B75-8F4EE1A686BF> /usr/lib/libAudioStatistics.dylib
dyld[88718]: <3B04FCE5-C2EF-3F95-94B5-C2E838F8F8F1> /System/Library/PrivateFrameworks/SystemPolicy.framework/Versions/A/SystemPolicy
dyld[88718]: <CD66132B-7D67-36D2-82BC-FFFACBAAF05A> /usr/lib/libSMC.dylib
dyld[88718]: <68160211-1089-3958-A8A1-3E8B3C389499> /usr/lib/swift/libswiftCoreMIDI.dylib
dyld[88718]: <F649A68B-864A-3F02-959A-69FD9980B29C> /System/Library/Frameworks/CoreMIDI.framework/Versions/A/CoreMIDI
dyld[88718]: <8679E444-23B4-3B9F-8D0A-18ACEED541C5> /usr/lib/libAudioToolboxUtility.dylib
dyld[88718]: <F900A796-0FF7-3195-85CF-80D62DF5C477> /usr/lib/libperfcheck.dylib
dyld[88718]: <8B4F7F16-1296-3152-A4E2-A360ACAE9622> /System/Library/PrivateFrameworks/AudioAnalytics.framework/Versions/A/AudioAnalytics
dyld[88718]: <68746C62-44B2-377E-BB29-B0B4A6A92B5F> /System/Library/Frameworks/OSLog.framework/Versions/A/OSLog
dyld[88718]: <5C282C8D-F611-3A3F-B0C2-A9F376FE029F> /System/Library/PrivateFrameworks/OSEligibility.framework/Versions/A/OSEligibility
dyld[88718]: <617475BA-7A95-3F7B-B47E-DAD358C41E23> /System/Library/PrivateFrameworks/IconServices.framework/Versions/A/IconServices
dyld[88718]: <DB4F053F-0498-30C7-B2B9-697925B9F03B> /System/Library/Frameworks/LightweightCodeRequirements.framework/Versions/A/LightweightCodeRequirements
dyld[88718]: <6A017CC8-84D1-36E5-ADE4-2A2EDC08D67F> /System/Library/PrivateFrameworks/PlugInKit.framework/Versions/A/PlugInKit
dyld[88718]: <2AFED4E5-1BEF-3620-A118-13C2487C5E8A> /System/Library/PrivateFrameworks/AssertionServices.framework/Versions/A/AssertionServices
dyld[88718]: <731868E5-7869-3A78-90C6-09CAF5A9F3D5> /System/Library/PrivateFrameworks/IconFoundation.framework/Versions/A/IconFoundation
dyld[88718]: <513988B9-97B7-3D57-88E6-2657DFE5ACF7> /System/Library/PrivateFrameworks/AssistantServices.framework/Versions/A/AssistantServices
dyld[88718]: <F3EAE585-A558-35A0-B4C4-292B4AA69200> /System/Library/PrivateFrameworks/IconRendering.framework/Versions/A/IconRendering
dyld[88718]: <16B8FC27-89EC-397F-870E-5717E2A04092> /System/Library/PrivateFrameworks/CoreUI.framework/Versions/A/CoreUI
dyld[88718]: <09D074A8-A66A-33F1-A5D9-89DE8A7D5287> /System/Library/Frameworks/CoreImage.framework/Versions/A/CoreImage
dyld[88718]: <29FFE644-96BB-3DFB-98F6-17B7F0DD1605> /System/Library/PrivateFrameworks/SFSymbols.framework/Versions/A/SFSymbols
dyld[88718]: <5ED60A65-DE46-3C51-874D-608CFCED6A11> /System/Library/Frameworks/DeveloperToolsSupport.framework/Versions/A/DeveloperToolsSupport
dyld[88718]: <36149B4B-E579-37BC-9504-8A1DC4677C6E> /System/Library/PrivateFrameworks/RenderBox.framework/Versions/A/RenderBox
dyld[88718]: <DE184D2F-7A17-3567-A3DD-014FA1D13141> /System/Library/PrivateFrameworks/CoreSVG.framework/Versions/A/CoreSVG
dyld[88718]: <86370757-B646-3574-ACF3-0FA71A201C89> /System/Library/PrivateFrameworks/TextureIO.framework/Versions/A/TextureIO
dyld[88718]: <E49A26D5-9332-3FCF-9C98-1D07890514F1> /usr/lib/swift/libswiftCoreImage.dylib
dyld[88718]: <6F1E4885-F5B7-3B50-9C33-044B6925A07F> /System/Library/PrivateFrameworks/GraphVisualizer.framework/Versions/A/GraphVisualizer
dyld[88718]: <A46AB82E-AF94-37A8-A8D8-48B6689934EB> /System/Library/PrivateFrameworks/FontServices.framework/Versions/A/FontServices
dyld[88718]: <42167641-18E8-3F36-AF17-A7D4244D6059> /System/Library/PrivateFrameworks/OTSVG.framework/Versions/A/OTSVG
dyld[88718]: <3480BBE1-4AE8-3066-BCB7-EAA15F37C64E> /System/Library/Frameworks/ApplicationServices.framework/Versions/A/Frameworks/ATS.framework/Versions/A/Resources/libFontRegistry.dylib
dyld[88718]: <43426C58-BE90-3643-9103-B9EE4A06A18A> /usr/lib/libhvf.dylib
dyld[88718]: <7FD0C201-E1CC-3F69-AD54-681B3CD37313> /System/Library/PrivateFrameworks/ParsingInternal.framework/Versions/A/ParsingInternal
dyld[88718]: <9092FEA3-2DFB-32A9-BEFB-01B43E166C48> /System/Library/PrivateFrameworks/FontServices.framework/libXTFontStaticRegistryData.dylib
dyld[88718]: <5ECFEA4E-D0ED-3809-AE36-F6A226913EC1> /System/Library/Frameworks/MetalPerformanceShaders.framework/Versions/A/Frameworks/MPSCore.framework/Versions/A/MPSCore
dyld[88718]: <35130CF5-F99D-3CED-9993-48AEE13ECA36> /System/Library/Frameworks/MetalPerformanceShaders.framework/Versions/A/Frameworks/MPSImage.framework/Versions/A/MPSImage
dyld[88718]: <A8E8C36C-8F11-3ED5-B9B3-2810EDDD4D77> /System/Library/Frameworks/MetalPerformanceShaders.framework/Versions/A/Frameworks/MPSNeuralNetwork.framework/Versions/A/MPSNeuralNetwork
dyld[88718]: <21591139-CD3C-36AB-8191-28193ACD17A7> /System/Library/Frameworks/MetalPerformanceShaders.framework/Versions/A/Frameworks/MPSMatrix.framework/Versions/A/MPSMatrix
dyld[88718]: <FCB4E780-9954-345D-B82F-9D319958448E> /System/Library/Frameworks/MetalPerformanceShaders.framework/Versions/A/Frameworks/MPSRayIntersector.framework/Versions/A/MPSRayIntersector
dyld[88718]: <1CBC037E-8038-32F6-880A-6F3825544713> /System/Library/Frameworks/MetalPerformanceShaders.framework/Versions/A/Frameworks/MPSNDArray.framework/Versions/A/MPSNDArray
dyld[88718]: <C50883F0-037D-3888-BC83-5DC5EEE82345> /System/Library/Frameworks/MetalPerformanceShaders.framework/Versions/A/Frameworks/MPSFunctions.framework/Versions/A/MPSFunctions
dyld[88718]: <A8171300-A2FE-39A3-8166-5ED347A9CD56> /System/Library/Frameworks/MetalPerformanceShaders.framework/Versions/A/Frameworks/MPSBenchmarkLoop.framework/Versions/A/MPSBenchmarkLoop
dyld[88718]: <7A6AC05D-88B2-31A8-A0A7-F876BF0451B1> /System/Library/Frameworks/MetalPerformanceShaders.framework/Versions/A/Frameworks/MPSHost.framework/Versions/A/MPSHost
dyld[88718]: <2C2180C9-E027-3712-BED5-73645D651BFD> /System/Library/PrivateFrameworks/MetalTools.framework/Versions/A/MetalTools
dyld[88718]: <3DFF5F1E-C080-3C9D-A8C5-3C56854BD24D> /System/Library/PrivateFrameworks/IOAccelMemoryInfo.framework/Versions/A/IOAccelMemoryInfo
dyld[88718]: <23264FF1-B323-3B46-893D-42378F45FE8A> /System/Library/PrivateFrameworks/kperf.framework/Versions/A/kperf
dyld[88718]: <A0191D2E-4C57-30F7-A206-78FB4188D01E> /System/Library/PrivateFrameworks/GPURawCounter.framework/Versions/A/GPURawCounter
dyld[88718]: <9271A817-7C78-3210-8B0C-91A552667200> /System/Library/PrivateFrameworks/ASEProcessing.framework/Versions/A/ASEProcessing
dyld[88718]: <1BAEF090-27B4-316B-8C9F-E891180781AE> /System/Library/PrivateFrameworks/Symbolication.framework/Versions/A/Symbolication
dyld[88718]: <EA136E97-3E2F-371B-A65D-A0BD5E1898D8> /System/Library/PrivateFrameworks/PhotosensitivityProcessing.framework/Versions/A/PhotosensitivityProcessing
dyld[88718]: <4D5E48C2-F64C-3E12-B831-9D3BAE05317F> /System/Library/PrivateFrameworks/SILManager.framework/Versions/A/SILManager
dyld[88718]: <C2CC83D4-7E1C-3E78-AEC8-1ABDE74F9FAD> /System/Library/PrivateFrameworks/CoreSymbolication.framework/Versions/A/CoreSymbolication
dyld[88718]: <782A39D3-C9FD-3E0B-B8FB-26E5D749BE57> /System/Library/PrivateFrameworks/MallocStackLogging.framework/Versions/A/MallocStackLogging
dyld[88718]: <13499229-A245-3C95-AC94-1DB8B274CF09> /System/Library/PrivateFrameworks/DebugSymbols.framework/Versions/A/DebugSymbols
dyld[88718]: <D3398082-B264-37E9-B546-1BB0DE974E81> /System/Library/PrivateFrameworks/OSAnalytics.framework/Versions/A/OSAnalytics
dyld[88718]: <785D04A0-C0D8-3364-BDA5-560381C6553E> /System/Library/PrivateFrameworks/DeviceRecovery.framework/Versions/A/DeviceRecovery
dyld[88718]: <AC90942B-457E-3814-959B-85EFAACBCA58> /System/Library/PrivateFrameworks/Tightbeam.framework/Versions/A/Tightbeam
dyld[88718]: <5EA10BB9-2198-33D7-811A-BE5EAE0A2EED> /usr/lib/swift/libswiftCompression.dylib
dyld[88718]: <51F853F3-E890-3D4D-A00D-12C7869B9B22> /System/Library/PrivateFrameworks/AFKUser.framework/Versions/A/AFKUser
dyld[88718]: <862A05C7-A3CD-32A4-A781-79EEFACA3A40> /System/Library/Frameworks/ApplicationServices.framework/Versions/A/Frameworks/ATSUI.framework/Versions/A/ATSUI
dyld[88718]: <AA18CFD1-B5CE-3B41-936E-0AA049D2ED72> /System/Library/PrivateFrameworks/SAObjects.framework/Versions/A/SAObjects
dyld[88718]: <B0ED86EE-4A99-3D39-AFC1-BC3361F630D8> /System/Library/Frameworks/AudioToolbox.framework/Versions/A/AudioToolbox
dyld[88718]: <2DBEEDFA-7B88-3E72-948A-9D349156333F> /System/Library/PrivateFrameworks/MediaRemote.framework/Versions/A/MediaRemote
dyld[88718]: <D7EE8BEC-0ADB-3272-9DB5-B02A2F77F84A> /System/Library/Frameworks/UserNotifications.framework/Versions/A/UserNotifications
dyld[88718]: <380C7259-846C-3F13-8FAD-22180E86B85F> /System/Library/PrivateFrameworks/SiriInstrumentation.framework/Versions/A/SiriInstrumentation
dyld[88718]: <C72DA482-950E-36B9-9191-7531F4E25419> /System/Library/PrivateFrameworks/SiriAnalytics.framework/Versions/A/SiriAnalytics
dyld[88718]: <54CA8C85-907D-3A6F-87C2-BA4CB3B3F0F9> /System/Library/PrivateFrameworks/SiriTTSService.framework/Versions/A/SiriTTSService
dyld[88718]: <A34DED16-F62E-3BFF-9781-E014A79DBB3F> /System/Library/PrivateFrameworks/SiriCrossDeviceArbitration.framework/Versions/A/SiriCrossDeviceArbitration
dyld[88718]: <B2E6D6F4-9995-32F3-BBC8-AB0537E32B00> /System/Library/PrivateFrameworks/FeedbackLogger.framework/Versions/A/FeedbackLogger
dyld[88718]: <CC09837F-9F8A-3534-AA75-A238E79EFC63> /System/Library/PrivateFrameworks/FaceTimeNameUtility.framework/Versions/A/FaceTimeNameUtility
dyld[88718]: <12E2B998-E463-3B84-8606-C0FB645D5BB0> /System/Library/PrivateFrameworks/AuthKit.framework/Versions/A/AuthKit
dyld[88718]: <010D9C15-3366-36A5-9A44-E46F47D628BA> /System/Library/PrivateFrameworks/SiriCrossDeviceArbitrationFeedback.framework/Versions/A/SiriCrossDeviceArbitrationFeedback
dyld[88718]: <02AAFEE7-1870-34C0-8AAC-4AC1447D7256> /usr/lib/swift/libswiftCoreLocation.dylib
dyld[88718]: <5BF90953-3D68-3C91-B888-ED6D3B83A690> /usr/lib/swift/libswiftAVFoundation.dylib
dyld[88718]: <BAB77727-1ADD-3FB3-9196-6B89AC72B3AC> /System/Library/PrivateFrameworks/UIKitServices.framework/Versions/A/UIKitServices
dyld[88718]: <14550765-2953-33DD-B269-69D03813C91D> /System/Library/PrivateFrameworks/UnifiedAssetFramework.framework/Versions/A/UnifiedAssetFramework
dyld[88718]: <23137B46-437B-382A-BF06-17C82F58149B> /System/Library/PrivateFrameworks/AudioSession.framework/Versions/A/AudioSession
dyld[88718]: <507B3FE7-C5C1-30DB-935C-C478FF7B4096> /System/Library/PrivateFrameworks/MediaExperience.framework/Versions/A/MediaExperience
dyld[88718]: <3D82E6A1-1D29-3274-84DD-BDF36B6F7962> /System/Library/PrivateFrameworks/AudioSession.framework/libSessionUtility.dylib
dyld[88718]: <6847EAC5-ED21-3EB2-AE52-16CE6669EC6C> /System/Library/PrivateFrameworks/AudioAccessoryServices.framework/Versions/A/AudioAccessoryServices
dyld[88718]: <90E0951B-62AB-3BE0-B026-A178A556E3EA> /System/Library/Frameworks/CoreBluetooth.framework/Versions/A/CoreBluetooth
dyld[88718]: <DCF4FA98-C827-3C83-9EE4-8CFB4CC6AC6C> /System/Library/PrivateFrameworks/CoreUtils.framework/Versions/A/CoreUtils
dyld[88718]: <E5C2582B-2B2A-3B7E-A473-DF40A707C4C8> /System/Library/PrivateFrameworks/HID.framework/Versions/A/HID
dyld[88718]: <28F48BEF-DAD2-38A7-81D1-A467BA05589D> /System/Library/PrivateFrameworks/Sharing.framework/Versions/A/Sharing
dyld[88718]: <472AD81F-46BC-3097-B6FB-3280DE9D0568> /System/Library/PrivateFrameworks/CoreUtilsExtras.framework/Versions/A/CoreUtilsExtras
dyld[88718]: <80913D69-F644-3144-82F6-0F2671912CDC> /System/Library/PrivateFrameworks/IO80211.framework/Versions/A/IO80211
dyld[88718]: <8BBB5442-C708-3B08-B6C3-6483B918D0F8> /System/Library/PrivateFrameworks/IDSFoundation.framework/Versions/A/IDSFoundation
dyld[88718]: <68E43D2F-5464-36F0-A16E-24A4A23C0742> /System/Library/PrivateFrameworks/Apple80211.framework/Versions/A/Apple80211
dyld[88718]: <AAB6F51A-504F-3BD4-9E92-827A0236CC2E> /System/Library/Frameworks/CoreWLAN.framework/Versions/A/CoreWLAN
dyld[88718]: <ECC3B4EE-BCE4-3974-8703-3C9FF2E50BB9> /System/Library/Frameworks/IOBluetooth.framework/Versions/A/IOBluetooth
dyld[88718]: <ED12EC1F-4651-363B-BBAA-B42D23A9A2F7> /usr/lib/swift/libswiftRegexBuilder.dylib
dyld[88718]: <6A585A92-1A65-3B22-9312-38B740042418> /System/Library/PrivateFrameworks/IMFoundation.framework/Versions/A/IMFoundation
dyld[88718]: <D84F54CD-C59F-3897-8764-2C3DFFF8011C> /System/Library/PrivateFrameworks/Marco.framework/Versions/A/Marco
dyld[88718]: <769B76BE-AFA0-30FF-B348-6C04CD74DA59> /System/Library/PrivateFrameworks/CommonUtilities.framework/Versions/A/CommonUtilities
dyld[88718]: <50208CA5-45CB-350F-AEF5-5DA9331AD165> /System/Library/PrivateFrameworks/Engram.framework/Versions/A/Engram
dyld[88718]: <42008B74-82CF-34F4-8F6A-5F125460633F> /System/Library/PrivateFrameworks/XPCDistributed.framework/Versions/A/XPCDistributed
dyld[88718]: <93F4FC3C-A4E9-3658-9D50-BD1406C717A0> /usr/lib/libtidy.A.dylib
dyld[88718]: <901BB89C-28BA-3CDF-B088-6484E180B2E5> /System/Library/PrivateFrameworks/Bom.framework/Versions/A/Bom
dyld[88718]: <0C9ADA86-5273-3425-AB67-50EF66E3540E> /usr/lib/libParallelCompression.dylib
dyld[88718]: <511E156A-71B5-3936-933A-D41A0B23ED9A> /usr/lib/libIOReport.dylib
dyld[88718]: <EBED941B-3E3D-31CE-9DC0-ED328C38F605> /System/Library/PrivateFrameworks/WiFiPeerToPeer.framework/Versions/A/WiFiPeerToPeer
dyld[88718]: <B186B3B6-62A5-3680-8FB4-1CC6DFB3D551> /System/Library/Frameworks/SecurityFoundation.framework/Versions/A/SecurityFoundation
dyld[88718]: <417E41CB-BCBC-373E-A1E3-218FFE48E4BC> /System/Library/PrivateFrameworks/Centauri.framework/Versions/A/Centauri
dyld[88718]: <16E3C45A-3C24-33D7-AD1C-1F6A215E57E7> /System/Library/PrivateFrameworks/Lexicon.framework/Versions/A/Lexicon
dyld[88718]: <F8AA0B1C-3E5C-3D12-B8BD-55A51A45F9FD> /usr/lib/libmrc.dylib
dyld[88718]: <0F52D88C-E4E1-3D6F-AB71-2CB66EC95079> /System/Library/PrivateFrameworks/IPConfiguration.framework/Versions/A/IPConfiguration
dyld[88718]: <DA1F976F-BF15-3A19-9086-F153C6614D84> /System/Library/PrivateFrameworks/Netrb.framework/Versions/A/Netrb
dyld[88718]: <8CC7D6B4-44E2-3C89-9FE1-41F07E500995> /System/Library/PrivateFrameworks/FrontBoardServices.framework/Versions/A/FrontBoardServices
dyld[88718]: <55193FF8-D101-3B4B-B6FB-01EA87FC3D37> /usr/lib/libgermantok.dylib
dyld[88718]: <88A7B02D-D5D3-3120-9D38-BCD3B8A1BC08> /System/Library/PrivateFrameworks/LinguisticData.framework/Versions/A/LinguisticData
dyld[88718]: <30196297-DB9B-3B87-9178-5A02C0320D4D> /System/Library/PrivateFrameworks/MultiverseSupport.framework/Versions/A/MultiverseSupport
dyld[88718]: <A15BDA62-3EED-3FBD-8342-1F488BCD9A77> /System/Library/PrivateFrameworks/DiskManagement.framework/Versions/A/DiskManagement
dyld[88718]: <A55A0E18-291E-3C31-9DA8-D7FEC261BA69> /System/Library/PrivateFrameworks/AppleIDAuthSupport.framework/Versions/A/AppleIDAuthSupport
dyld[88718]: <9FDC378C-FD43-359A-B94F-B9D9E0CFC57F> /System/Library/PrivateFrameworks/AAAFoundation.framework/Versions/A/AAAFoundation
dyld[88718]: <EEC8FA48-0F41-30D3-83D2-6E3A16B16D14> /System/Library/PrivateFrameworks/KeychainCircle.framework/Versions/A/KeychainCircle
dyld[88718]: <8027C557-9D0A-341B-99D8-28BBA2CEAE7E> /System/Library/PrivateFrameworks/URLFormatting.framework/Versions/A/URLFormatting
dyld[88718]: <0E256194-6294-39D5-BA0E-59C828F0591F> /usr/lib/libcsfde.dylib
dyld[88718]: <C41B6247-F32B-35C2-A3C1-77E2B499BDF5> /usr/lib/libCoreStorage.dylib
dyld[88718]: <A01852D0-D4E4-30EC-A47C-3B0AB6711F2F> /System/Library/PrivateFrameworks/MediaKit.framework/Versions/A/MediaKit
dyld[88718]: <BCE71519-708B-3376-B013-2B691BD174AC> /System/Library/Frameworks/DiscRecording.framework/Versions/A/DiscRecording
dyld[88718]: <66379965-7301-341F-8C75-E3D090ECEE7C> /System/Library/PrivateFrameworks/ProtectedCloudStorage.framework/Versions/A/ProtectedCloudStorage
dyld[88718]: <BC3474B4-C240-3A8E-A764-F303D9E7133B> /System/Library/PrivateFrameworks/EFILogin.framework/Versions/A/EFILogin
dyld[88718]: <AF872616-7404-3D91-BA6B-A723D4269665> /usr/lib/libheimdal-asn1.dylib
dyld[88718]: <B1C44902-09BF-37BC-8720-8718949F85E8> /System/Library/PrivateFrameworks/OctagonTrust.framework/Versions/A/OctagonTrust
dyld[88718]: <3F940A44-680F-3BA8-9E3A-69F2D510D27E> /System/Library/Frameworks/AudioUnit.framework/Versions/A/AudioUnit
dyld[88718]: <96F04359-D02E-3990-B798-4FE4448067BE> /System/Library/Frameworks/OpenDirectory.framework/Versions/A/OpenDirectory
dyld[88718]: <270997B5-219E-3253-AFDD-619027EFDC6B> /System/Library/Frameworks/OpenDirectory.framework/Versions/A/Frameworks/CFOpenDirectory.framework/Versions/A/CFOpenDirectory
dyld[88718]: <F108CE7C-95A5-37B2-A895-F754A3D45B79> /System/Library/PrivateFrameworks/GeoServices.framework/Versions/A/GeoServices
dyld[88718]: <5ABE90A9-571C-320C-B9E2-F15346757A42> /System/Library/PrivateFrameworks/LocationSupport.framework/Versions/A/LocationSupport
dyld[88718]: <2C893011-4B21-3C52-93D3-A98389345462> /System/Library/PrivateFrameworks/GeoServicesCore.framework/Versions/A/GeoServicesCore
dyld[88718]: <5DF851D6-7A0C-3527-ACD3-FF67854CBAA9> /System/Library/PrivateFrameworks/PhoneNumbers.framework/Versions/A/PhoneNumbers
dyld[88718]: <636A785A-BBFF-35F1-AA43-3290CB5B1B52> /System/Library/PrivateFrameworks/LocationLogEncryption.framework/Versions/A/LocationLogEncryption
dyld[88718]: <34A9C98B-A386-338F-A15D-2C67779545E6> /System/Library/Frameworks/AVFAudio.framework/Versions/A/AVFAudio
dyld[88718]: <576595A2-3A85-353E-9074-2FDB8674966E> /System/Library/Frameworks/AVRouting.framework/Versions/A/AVRouting
dyld[88718]: <2DBECAC3-5DE1-32F4-845E-C4078D35DEB9> /usr/lib/libAccessibility.dylib
dyld[88718]: <865ACF96-BF9D-3F57-A7A1-C477D23A8598> /System/Library/PrivateFrameworks/MediaServices.framework/Versions/A/MediaServices
dyld[88718]: <19DAB4A1-E58C-36E3-9EA2-294474E3DA98> /System/Library/PrivateFrameworks/IDS.framework/Versions/A/IDS
dyld[88718]: <EA66F16C-573E-31B9-BFDD-630759C13583> /System/Library/PrivateFrameworks/IsolatedCoreAudioClient.framework/Versions/A/IsolatedCoreAudioClient
dyld[88718]: <33EF50E8-AA33-37FE-BC1E-096CCF01327F> /System/Library/PrivateFrameworks/CoreAudioOrchestration.framework/Versions/A/CoreAudioOrchestration
dyld[88718]: <75A5FE86-3A47-38A2-8367-AB9EE90CEA1F> /System/Library/Frameworks/MediaToolbox.framework/Versions/A/MediaToolbox
dyld[88718]: <6D6D8FE1-B996-3AEF-84F8-5693EC5F19F6> /System/Library/PrivateFrameworks/CoreAVCHD.framework/Versions/A/CoreAVCHD
dyld[88718]: <1B3ED36B-833B-37CD-8E66-CF2B0377A886> /System/Library/Frameworks/MediaAccessibility.framework/Versions/A/MediaAccessibility
dyld[88718]: <B7125474-75F9-30F7-BE1C-59DCD294B6AA> /System/Library/PrivateFrameworks/Mangrove.framework/Versions/A/Mangrove
dyld[88718]: <4A200CAC-2A3B-32B3-850F-B95DEC430F77> /System/Library/PrivateFrameworks/CMPhoto.framework/Versions/A/CMPhoto
dyld[88718]: <77B17C80-3275-3BDC-BE00-C4E69C44EEDD> /System/Library/Frameworks/CoreTelephony.framework/Versions/A/CoreTelephony
dyld[88718]: <200EA03B-1BC8-3444-8A31-0F7CCC3E54F4> /System/Library/PrivateFrameworks/CoreAUC.framework/Versions/A/CoreAUC
dyld[88718]: <28D39AD4-0E3F-37A6-97E3-EDC13F236542> /System/Library/PrivateFrameworks/AppleJPEGXL.framework/Versions/A/AppleJPEGXL
dyld[88718]: <D40349E1-7A6C-38D6-BA00-1F17C5B60414> /usr/lib/libTelephonyUtilDynamic.dylib
dyld[88718]: <73D66B11-1861-3143-A7E5-23F68183B945> /System/Library/Frameworks/CryptoKit.framework/Versions/A/CryptoKit
dyld[88718]: <CB10F56E-9B75-3D0E-9EF8-C053F4A519BB> /System/Library/PrivateFrameworks/CryptoKitCBridging.framework/Versions/A/CryptoKitCBridging
dyld[88718]: <F69F574F-27D3-39ED-ABD8-1564E510EBBC> /System/Library/Frameworks/CryptoTokenKit.framework/Versions/A/CryptoTokenKit
dyld[88718]: <F1A019BA-F431-3CBA-B6D4-170AE2C6A4AD> /System/Library/Frameworks/LocalAuthentication.framework/Versions/A/LocalAuthentication
dyld[88718]: <FA1E84A2-86C9-3C13-91CE-CD61E13841F0> /System/Library/PrivateFrameworks/LocalAuthenticationCore.framework/Versions/A/LocalAuthenticationCore
dyld[88718]: <64835CFD-5623-3048-8068-0D9682991E06> /System/Library/PrivateFrameworks/LocalAuthenticationCredentialServices.framework/Versions/A/LocalAuthenticationCredentialServices
dyld[88718]: <FC94DE9D-C44B-33B1-94B7-84C6650E71F1> /System/Library/Frameworks/LocalAuthentication.framework/Support/SharedUtils.framework/Versions/A/SharedUtils
dyld[88718]: <BD6B69EF-B070-3469-B569-75D40AA5E0EE> /System/Library/PrivateFrameworks/PersistentConnection.framework/Versions/A/PersistentConnection
dyld[88718]: <B90E0672-AE12-366A-A5A2-B8539139A410> /System/Library/PrivateFrameworks/SonicFoundation.framework/Versions/A/SonicFoundation
dyld[88718]: <AD33265F-750C-351F-81E5-7EC050E4E188> /System/Library/PrivateFrameworks/AsyncAlgorithmsInternal.framework/Versions/A/AsyncAlgorithmsInternal
dyld[88718]: <5C27AEA3-F2F5-324A-83E4-04F3AADCA4EA> /System/Library/PrivateFrameworks/FTAWD.framework/Versions/A/FTAWD
dyld[88718]: <D756E55D-B0B1-3858-930D-013952652E35> /System/Library/PrivateFrameworks/Dendrite.framework/Versions/A/Dendrite
dyld[88718]: <6E5B5951-141C-3B86-B36A-21A334F6AE44> /usr/lib/libtailspin.dylib
dyld[88718]: <FC8D86B3-46BA-3755-99DC-1E00B6C0D184> /System/Library/PrivateFrameworks/Osprey.framework/Versions/A/Osprey
dyld[88718]: <7DBF6A7E-5D98-34DD-9539-8061EFF78F25> /System/Library/PrivateFrameworks/SiriTTS.framework/Versions/A/SiriTTS
dyld[88718]: <9FD6F8F7-507E-32EC-9230-B3DCF61908AF> /System/Library/Frameworks/NaturalLanguage.framework/Versions/A/NaturalLanguage
dyld[88718]: <CDA2383C-99CD-3CDA-A7B2-90D4F49DC4F8> /System/Library/PrivateFrameworks/GenerativeModels.framework/Versions/A/GenerativeModels
dyld[88718]: <F50B59B7-8D0B-3F51-823E-A67B4CBB25BB> /System/Library/PrivateFrameworks/SiriPowerInstrumentation.framework/Versions/A/SiriPowerInstrumentation
dyld[88718]: <5FF94351-1545-3FE8-8AD2-ADF7D4658B6B> /usr/lib/swift/libswiftNaturalLanguage.dylib
dyld[88718]: <EA43D529-31DD-3FE7-A659-919F31BCA24C> /System/Library/PrivateFrameworks/TailspinSymbolication.framework/Versions/A/TailspinSymbolication
dyld[88718]: <5C885C5C-04EA-3FC6-9CBC-55F26D6F2237> /System/Library/PrivateFrameworks/Darwinup.framework/Versions/A/Darwinup
dyld[88718]: <71BB8292-225F-346B-89AF-4F99D22851EB> /System/Library/PrivateFrameworks/SignpostSupport.framework/Versions/A/SignpostSupport
dyld[88718]: <A669B9D9-5063-3A74-85B9-D1E41BCBCE39> /System/Library/PrivateFrameworks/FeatureFlagsSupport.framework/Versions/A/FeatureFlagsSupport
dyld[88718]: <83E28A1E-2318-3F7E-BE64-102530737DAE> /System/Library/PrivateFrameworks/ktrace.framework/Versions/A/ktrace
dyld[88718]: <FAF891F5-F079-3AEC-BCB0-34FBDF780D6D> /System/Library/PrivateFrameworks/SampleAnalysis.framework/Versions/A/SampleAnalysis
dyld[88718]: <9F808B03-77DD-350B-B010-CE77A7154F48> /System/Library/PrivateFrameworks/kperfdata.framework/Versions/A/kperfdata
dyld[88718]: <0DB62A71-808C-3FFC-9D1C-6418BE34775D> /usr/lib/libdscsym.dylib
dyld[88718]: <9B11DD7D-75DD-3784-945A-411BAED10953> /System/Library/PrivateFrameworks/AppleMobileFileIntegrity.framework/Versions/A/AppleMobileFileIntegrity
dyld[88718]: <2E71F13D-0772-339E-8985-F2685BBA1A85> /System/Library/PrivateFrameworks/BulkSymbolication.framework/Versions/A/BulkSymbolication
dyld[88718]: <207A2987-1BD0-3E47-B72C-E81934A6C74C> /usr/lib/libTLE.dylib
dyld[88718]: <B0F26447-E3DF-33C0-AF33-1109BD0701EA> /usr/lib/libmis.dylib
dyld[88718]: <097D7995-F903-3DA6-91D6-31952FBB2D32> /System/Library/PrivateFrameworks/ConfigProfileHelper.framework/Versions/A/ConfigProfileHelper
dyld[88718]: <194D781A-C519-3A70-8418-205BF9C76929> /System/Library/PrivateFrameworks/Espresso.framework/Versions/A/Espresso
dyld[88718]: <00F01374-D6EA-3445-9598-42F360C651B4> /System/Library/Frameworks/CoreML.framework/Versions/A/CoreML
dyld[88718]: <62991D93-4364-3F6A-85F2-EA7C3E172BC7> /usr/lib/libedit.3.dylib
dyld[88718]: <C1BFF6AE-BE81-34E5-A731-50AE4FB7BBB2> /System/Library/PrivateFrameworks/ANECompiler.framework/Versions/A/ANECompiler
dyld[88718]: <7FB3D6E4-0FB7-3516-B62F-4ACD1DF155B2> /System/Library/PrivateFrameworks/AppleNeuralEngine.framework/Versions/A/AppleNeuralEngine
dyld[88718]: <43AB1D6B-D19B-3115-A2C0-25DF31A5786E> /System/Library/PrivateFrameworks/MIL.framework/Versions/A/MIL
dyld[88718]: <2B46E751-D7E4-3728-AA48-1C621E58E7D1> /System/Library/Frameworks/MetalPerformanceShadersGraph.framework/Versions/A/MetalPerformanceShadersGraph
dyld[88718]: <4700B48E-67D3-37D8-8E47-450F26D611B1> /System/Library/PrivateFrameworks/MLCompilerServices.framework/Versions/A/MLCompilerServices
dyld[88718]: <AFB2E1E5-465C-37EA-A8C8-4CC2DB06DE29> /System/Library/PrivateFrameworks/ANEServices.framework/Versions/A/ANEServices
dyld[88718]: <E7B888EE-3DCC-302F-9B18-9B78ACE85D28> /usr/lib/libncurses.5.4.dylib
dyld[88718]: <314286A0-7DB1-3E53-A763-6BF2F6795CA7> /usr/lib/libsandbox.1.dylib
dyld[88718]: <96C8879C-B224-388A-AC38-F7D0B21D395D> /usr/lib/libMatch.1.dylib
dyld[88718]: <83ADD501-DE86-312A-AA82-AE2323CD1317> /System/Library/PrivateFrameworks/ODIE.framework/Versions/A/ODIE
dyld[88718]: <18B57D17-6586-3414-9DAF-7507B843A378> /System/Library/PrivateFrameworks/MLModelAsset.framework/Versions/A/MLModelAsset
dyld[88718]: <7C122FB8-637B-3B9E-B6FF-24EED19DB892> /System/Library/PrivateFrameworks/MLCompilerRuntime.framework/Versions/A/MLCompilerRuntime
dyld[88718]: <E2533BA9-11AF-3045-B98E-F52D3C4F1878> /System/Library/Frameworks/MLCompute.framework/Versions/A/MLCompute
dyld[88718]: <5A718D4F-A715-3E8E-B183-028B85782127> /System/Library/PrivateFrameworks/MLAssetIO.framework/Versions/A/MLAssetIO
dyld[88718]: <F458A6D6-6DE5-3792-8B20-E60B833F27D1> /usr/lib/swift/libswiftMLCompute.dylib
dyld[88718]: <DE1329C3-A78D-3555-B296-BB5EFDB5BFCB> /System/Library/PrivateFrameworks/AVFCore.framework/Versions/A/AVFCore
dyld[88718]: <2C84B3B4-9CD6-3D6F-818E-A1B076D503E8> /System/Library/PrivateFrameworks/AVFCapture.framework/Versions/A/AVFCapture
dyld[88718]: <6C681AFA-827C-30FB-9B1E-AD713C7EB29C> /System/Library/PrivateFrameworks/CMImaging.framework/Versions/A/CMImaging
dyld[88718]: <E7C2B00B-88D9-3855-B8A5-78B00332F77F> /System/Library/PrivateFrameworks/Quagga.framework/Versions/A/Quagga
dyld[88718]: <8F0F4BF4-A7E7-36F6-9FB7-0E691EDCF8B1> /System/Library/PrivateFrameworks/CMCapture.framework/Versions/A/CMCapture
dyld[88718]: <2691DDA0-F0E1-37B6-A74C-D28AF97DF8F3> /System/Library/Frameworks/CoreMediaIO.framework/Versions/A/CoreMediaIO
dyld[88718]: <9A228E12-CA6A-3654-93F1-92813D5EECD2> /System/Library/PrivateFrameworks/CMCaptureDevice.framework/Versions/A/CMCaptureDevice
dyld[88718]: <A78FFE19-75C5-32DD-9FD5-FA7168ADE5B5> /System/Library/PrivateFrameworks/CoreBrightness.framework/Versions/A/CoreBrightness
dyld[88718]: <EDCAAA7E-E118-36B8-9FAD-32FBD0DDB270> /System/Library/PrivateFrameworks/CinematicFraming.framework/Versions/A/CinematicFraming
dyld[88718]: <74755FB7-F70A-3190-86F9-6ECE22F2204D> /System/Library/PrivateFrameworks/ModelManagerServices.framework/Versions/A/ModelManagerServices
dyld[88718]: <1BF2C90B-B778-338E-8C84-6EA6CCE0041B> /System/Library/PrivateFrameworks/CPMS.framework/Versions/A/CPMS
dyld[88718]: <521A5C2F-1ED1-31FA-A207-EDA67F8B81EB> /System/Library/PrivateFrameworks/SystemStatus.framework/Versions/A/SystemStatus
dyld[88718]: <1CD38C4A-17E1-32A4-AF49-10BE025F8C28> /System/Library/Frameworks/CoreMotion.framework/Versions/A/CoreMotion
dyld[88718]: <26B42ED2-04F5-3F97-A88E-77AA2425D79D> /System/Library/PrivateFrameworks/TimeSync.framework/Versions/A/TimeSync
dyld[88718]: <A854A5CE-F7B0-30A5-8B73-44315872B590> /System/Library/PrivateFrameworks/DistributedSensing.framework/Versions/A/DistributedSensing
dyld[88718]: <8377CD6D-C3D0-3FA1-8BAE-861C09F032BC> /System/Library/PrivateFrameworks/MobileBluetooth.framework/Versions/A/MobileBluetooth
dyld[88718]: <10C7A07C-23EE-36DA-824B-DA5077536AEB> /System/Library/PrivateFrameworks/IOKitten.framework/Versions/A/IOKitten
dyld[88718]: <8F94DA86-2C93-3D9B-9E9A-A990075206FF> /System/Library/PrivateFrameworks/AppleIntelligenceReporting.framework/Versions/A/AppleIntelligenceReporting
dyld[88718]: <E96057B3-D377-3475-9A61-2D83325AA54C> /System/Library/PrivateFrameworks/CoreEmoji.framework/Versions/A/CoreEmoji
dyld[88718]: <5220F98F-4B63-31DF-B1BA-F507F9441C35> /usr/lib/libCRFSuite.dylib
dyld[88718]: <176F6DE9-FC2F-3BB6-AE93-43746F86F99E> /System/Library/PrivateFrameworks/LanguageModeling.framework/Versions/A/LanguageModeling
dyld[88718]: <50C546E9-E6E0-3E9F-9E7A-9473578D7433> /System/Library/PrivateFrameworks/CoreNLP.framework/Versions/A/CoreNLP
dyld[88718]: <62CA7BC0-B6F0-31EE-AA0A-0A5CF5660D0D> /System/Library/PrivateFrameworks/Montreal.framework/Versions/A/Montreal
dyld[88718]: <A30B8DE9-5419-3A74-B197-24C60EB4FD88> /usr/lib/libcmph.dylib
dyld[88718]: <B8A7C8DB-0176-3E90-929C-238A56EF45B8> /usr/lib/libmecab.dylib
dyld[88718]: <43BAB012-1CCE-3DDC-9832-3A93EF0BAD9C> /usr/lib/libThaiTokenizer.dylib
dyld[88718]: <29B92FD1-0D24-3740-8505-1ED53C637B24> /System/Library/PrivateFrameworks/GenerativeModelsFoundation.framework/Versions/A/GenerativeModelsFoundation
dyld[88718]: <85B779A3-DEF1-3E20-B8F4-CAF139C4C897> /System/Library/PrivateFrameworks/TokenGeneration.framework/Versions/A/TokenGeneration
dyld[88718]: <F5148B2B-B8E3-319C-B872-8C17ABFF3EEA> /System/Library/PrivateFrameworks/GenerativeFunctions.framework/Versions/A/GenerativeFunctions
dyld[88718]: <295895F9-C36B-38A5-919E-BD3886C398E7> /System/Library/PrivateFrameworks/GenerativeFunctionsFoundation.framework/Versions/A/GenerativeFunctionsFoundation
dyld[88718]: <0D097B2C-EE63-3818-B0A8-067D9EC25E6C> /System/Library/PrivateFrameworks/ModelCatalog.framework/Versions/A/ModelCatalog
dyld[88718]: <3EA9136F-4E2F-3F3C-A7A7-0D68E3969306> /System/Library/PrivateFrameworks/SensitiveContentAnalysisML.framework/Versions/A/SensitiveContentAnalysisML
dyld[88718]: <34C773F4-A242-341E-9D74-444B3823996A> /System/Library/PrivateFrameworks/GenerativeFunctionsInstrumentation.framework/Versions/A/GenerativeFunctionsInstrumentation
dyld[88718]: <4BA07886-A309-3C61-8242-59D53F74E07C> /System/Library/PrivateFrameworks/PromptKit.framework/Versions/A/PromptKit
dyld[88718]: <E58BABD0-40BD-3A45-A45D-B918EB6F7431> /System/Library/PrivateFrameworks/ProactiveDaemonSupport.framework/Versions/A/ProactiveDaemonSupport
dyld[88718]: <FD8D9034-6DB6-3E6D-9189-16E2B468EED9> /System/Library/PrivateFrameworks/TokenGenerationCore.framework/Versions/A/TokenGenerationCore
dyld[88718]: <33D5F7C5-A40C-3EA1-B937-19BB9FD22986> /System/Library/PrivateFrameworks/Trial.framework/Versions/A/Trial
dyld[88718]: <9530E088-9C67-34D2-ADCB-A38D9DEF5466> /System/Library/PrivateFrameworks/TrialProto.framework/Versions/A/TrialProto
dyld[88718]: <8FF1A6D7-BE15-3264-8A29-31BD77165298> /System/Library/PrivateFrameworks/AppleFlatBuffers.framework/Versions/A/AppleFlatBuffers
dyld[88718]: <68BC8167-3BD9-3617-8C86-3E956EE8B67B> /System/Library/PrivateFrameworks/SentencePieceInternal.framework/Versions/A/SentencePieceInternal
dyld[88718]: <A4C14C63-1C00-388A-9067-E859844B98B0> /System/Library/Frameworks/Vision.framework/Versions/A/Vision
dyld[88718]: <0114E093-74B6-3A92-BE21-B89C2C4BB502> /System/Library/PrivateFrameworks/CoreSceneUnderstanding.framework/Versions/A/CoreSceneUnderstanding
dyld[88718]: <028B39AE-BB64-3317-932B-79C1DC0BF743> /System/Library/PrivateFrameworks/VisionCore.framework/Versions/A/VisionCore
dyld[88718]: <12E5A60A-43E6-37D7-96E9-C81C2E731534> /System/Library/PrivateFrameworks/DataDetectorsCore.framework/Versions/A/DataDetectorsCore
dyld[88718]: <534C5D06-891B-3115-8691-27A0CE8BA743> /System/Library/Frameworks/Vision.framework/libfaceCore.dylib
dyld[88718]: <A8140F7D-3768-3975-89B6-FFD1728D00EB> /System/Library/PrivateFrameworks/Futhark.framework/Versions/A/Futhark
dyld[88718]: <A47D26A2-5721-3C0F-8CFA-5E4DAD11861F> /System/Library/PrivateFrameworks/InertiaCam.framework/Versions/A/InertiaCam
dyld[88718]: <95B7C7C6-75F9-3FC4-B384-BF2FFB30FE05> /System/Library/PrivateFrameworks/TextRecognition.framework/Versions/A/TextRecognition
dyld[88718]: <36F9E164-2A30-3480-8651-5B13BBD052C6> /System/Library/Frameworks/DataDetection.framework/Versions/A/DataDetection
dyld[88718]: <E57DF0CD-431B-3BA0-B20E-368AA9D11084> /System/Library/PrivateFrameworks/TextInput.framework/Versions/A/TextInput
dyld[88718]: <F47FC0F7-A128-3B7C-B059-9F0836040CCF> /System/Library/PrivateFrameworks/CVNLP.framework/Versions/A/CVNLP
dyld[88718]: <8945BFBF-1B91-3891-BD26-A8843D0C3EAB> /System/Library/PrivateFrameworks/IntentsFoundation.framework/Versions/A/IntentsFoundation
dyld[88718]: <E74DCF87-47C7-326B-A77B-1CBB94583B79> /System/Library/PrivateFrameworks/HIDDisplay.framework/Versions/A/HIDDisplay
dyld[88718]: <CC1FB779-0931-313B-93CC-C842BCEA8485> /usr/lib/libcups.2.dylib
dyld[88718]: <D81F4821-8D01-394B-812B-657C3114A356> /System/Library/Frameworks/Kerberos.framework/Versions/A/Kerberos
dyld[88718]: <90D545B0-52B4-335D-A075-4A7B83C01FC8> /usr/lib/libresolv.9.dylib
dyld[88718]: <29B023E7-2213-362C-80BD-8A463A229936> /System/Library/PrivateFrameworks/Heimdal.framework/Versions/A/Heimdal
dyld[88718]: <A963CA1C-050B-3E90-B2FF-D7989435DB5D> /System/Library/Frameworks/Kerberos.framework/Versions/A/Libraries/libHeimdalProxy.dylib
dyld[88718]: <B703DB83-34E2-3728-89DF-41421EC67747> /System/Library/PrivateFrameworks/CommonAuth.framework/Versions/A/CommonAuth
dyld[88718]: <F889CA9F-E013-3B23-80DD-E9D55CF9B97F> /System/Library/PrivateFrameworks/AXCoreUtilities.framework/Versions/A/AXCoreUtilities
dyld[88718]: <99647A0F-5B58-3E14-B260-9A6F14AD5FC0> /System/Library/PrivateFrameworks/AttributeGraph.framework/Versions/A/AttributeGraph
dyld[88718]: <615B0A50-4113-380B-A06C-9E9E40045965> /usr/lib/libAXSafeCategoryBundle.dylib
dyld[88718]: <336816A3-0A7B-30AF-994D-6665D677523D> /System/Library/Frameworks/TabularData.framework/Versions/A/TabularData
dyld[88718]: <8D84DBA0-B8DB-3E02-99FB-A988759C1A86> /System/Library/PrivateFrameworks/ArgumentParserInternal.framework/Versions/A/ArgumentParserInternal
dyld[88718]: <81359684-F2CB-3A26-A032-265A85B354EB> /System/Library/Frameworks/Accelerate.framework/Versions/A/Frameworks/vecLib.framework/Versions/A/libvDSP.dylib
dyld[88718]: <7275296D-74F2-3020-B2C5-E2EA0E7A6F7A> /System/Library/Frameworks/Accelerate.framework/Versions/A/Frameworks/vecLib.framework/Versions/A/libLAPACK.dylib
dyld[88718]: <3849C130-9327-3672-88E1-B0E548F4EB82> /System/Library/Frameworks/Accelerate.framework/Versions/A/Frameworks/vecLib.framework/Versions/A/libLinearAlgebra.dylib
dyld[88718]: <EF675037-43BA-3616-8BEF-662BA272F3D7> /System/Library/Frameworks/Accelerate.framework/Versions/A/Frameworks/vecLib.framework/Versions/A/libSparseBLAS.dylib
dyld[88718]: <A285FC62-DE15-317B-8451-619953D3660A> /System/Library/Frameworks/Accelerate.framework/Versions/A/Frameworks/vecLib.framework/Versions/A/libQuadrature.dylib
dyld[88718]: <27D26BDE-14F4-3EBC-9A1F-195C0F69EFB7> /System/Library/Frameworks/Accelerate.framework/Versions/A/Frameworks/vecLib.framework/Versions/A/libBNNS.dylib
dyld[88718]: <C479DB8D-CF22-336C-B455-0CF900D96647> /System/Library/Frameworks/Accelerate.framework/Versions/A/Frameworks/vecLib.framework/Versions/A/libSparse.dylib
dyld[88718]: <5157F14C-3E37-3E26-895A-5D69B1A25D30> /System/Library/PrivateFrameworks/ApplePushService.framework/Versions/A/ApplePushService
dyld[88718]: <E36022B1-863C-3E36-81A9-4EDD183F95AE> /System/Library/Frameworks/CloudKit.framework/Versions/A/CloudKit
dyld[88718]: <472CCADB-45C1-30D5-B4B1-BA9B1CA77074> /System/Library/PrivateFrameworks/CoreDuetDaemonProtocol.framework/Versions/A/CoreDuetDaemonProtocol
dyld[88718]: <82A3389D-6D75-3AF2-8A0E-38C9DC42D272> /System/Library/PrivateFrameworks/DeviceIdentity.framework/Versions/A/DeviceIdentity
dyld[88718]: <E4A9C3D4-D234-39C3-8142-E20BFA6BC00B> /System/Library/Frameworks/SharedWithYouCore.framework/Versions/A/SharedWithYouCore
dyld[88718]: <C10CB2CA-2694-3C1C-B7FE-89AC21701176> /System/Library/PrivateFrameworks/CloudTelemetry.framework/Versions/A/CloudTelemetry
dyld[88718]: <415BF5A1-C825-38CC-9063-A63F6BCC3A6A> /System/Library/PrivateFrameworks/AppleAccount.framework/Versions/A/AppleAccount
dyld[88718]: <B27A8B8E-040F-3120-A104-2A23DC9AE14C> /System/Library/PrivateFrameworks/C2.framework/Versions/A/C2
dyld[88718]: <874A1637-CD2D-3687-8BA8-61F73FAA77EA> /System/Library/PrivateFrameworks/CloudCoreInternal.framework/Versions/A/CloudCoreInternal
dyld[88718]: <5A05A302-0A39-354A-94FF-ADAE977F4EE9> /System/Library/PrivateFrameworks/CloudAsset.framework/Versions/A/CloudAsset
dyld[88718]: <E81811CD-4882-3C36-87EB-5D4B410E72CD> /System/Library/Frameworks/PushKit.framework/Versions/A/PushKit
dyld[88718]: <E398822C-EF83-3364-91A9-1665F9E09655> /System/Library/Frameworks/CoreTransferable.framework/Versions/A/CoreTransferable
dyld[88718]: <F039515C-B344-37B5-B705-E58B48AD3C5D> /System/Library/PrivateFrameworks/NetAuth.framework/Versions/A/NetAuth
dyld[88718]: <867D855C-0CD1-32D3-9345-83E99EC84CB6> /System/Library/PrivateFrameworks/login.framework/Versions/A/Frameworks/loginsupport.framework/Versions/A/loginsupport
dyld[88718]: <34AEC476-FE3E-3778-B75E-27DAECF4B27B> /System/Library/PrivateFrameworks/CloudTelemetryTools.framework/Versions/A/CloudTelemetryTools
dyld[88718]: <56DC63F8-57D8-322F-9554-DAF156A80DBD> /System/Library/PrivateFrameworks/CloudTelemetryShared.dylib
dyld[88718]: <A0B55574-B78C-3762-9F1B-3A1420F4071E> /System/Library/PrivateFrameworks/RTCReporting.framework/Versions/A/RTCReporting
dyld[88718]: <8C7DD0A3-6F9E-302E-BF39-C18F63DBA23F> /System/Library/PrivateFrameworks/AAAFoundationSwift.framework/Versions/A/AAAFoundationSwift
dyld[88718]: <C8B04C74-4545-3FE9-B302-F769ED0E15CA> /System/Library/PrivateFrameworks/AppleIDSSOAuthentication.framework/Versions/A/AppleIDSSOAuthentication
dyld[88718]: <800C2811-E036-3D5A-BE89-C1D1EBD7B746> /System/Library/PrivateFrameworks/UIFoundation.framework/Versions/A/UIFoundation
dyld[88718]: <B5B27283-D789-361D-868B-1F6369204254> /System/Library/PrivateFrameworks/CaptiveNetwork.framework/Versions/A/CaptiveNetwork
dyld[88718]: <14D7D0FC-F026-3B1A-A0A6-F652E740978D> /System/Library/PrivateFrameworks/EAP8021X.framework/Versions/A/EAP8021X
dyld[88718]: <1F1B7999-4A4D-3CE9-B7B8-880227616365> /System/Library/PrivateFrameworks/CryptoKitPrivate.framework/Versions/A/CryptoKitPrivate
dyld[88718]: <E7F389DE-0136-3548-A024-9F7A9399373C> /System/Library/PrivateFrameworks/FindMyDevice.framework/Versions/A/FindMyDevice
dyld[88718]: <82C6E06E-A6E3-3627-90EA-D68841C3E733> /System/Library/PrivateFrameworks/FMCoreLite.framework/Versions/A/FMCoreLite
dyld[88718]: <B4D80E9A-21A4-3005-9457-F03598B6704B> /System/Library/Frameworks/ServiceManagement.framework/Versions/A/ServiceManagement
dyld[88718]: <60BF3A9B-F3E5-3AF0-ADE5-F86DEBD5CC5C> /usr/lib/libCheckFix.dylib
dyld[88718]: <B4AB943C-5D50-3ADF-8175-4B56301C6DC3> /System/Library/PrivateFrameworks/MetadataUtilities.framework/Versions/A/MetadataUtilities
dyld[88718]: <AEEEDDBF-FCD1-3251-B0E9-940CE296B1E1> /System/Library/PrivateFrameworks/InstalledContentLibrary.framework/Versions/A/InstalledContentLibrary
dyld[88718]: <1E543EF0-6C96-389F-9B2A-9614B625D198> /System/Library/PrivateFrameworks/CoreServicesStore.framework/Versions/A/CoreServicesStore
dyld[88718]: <7760B2FE-B4E6-3244-B941-0A5277879853> /usr/lib/libapp_launch_measurement.dylib
dyld[88718]: <05D57959-6BE2-3FFE-A842-09A3FA930624> /System/Library/PrivateFrameworks/MobileSystemServices.framework/Versions/A/MobileSystemServices
dyld[88718]: <C7FCA882-8EB6-3AB6-B137-DD9816B7BC0A> /usr/lib/libxslt.1.dylib
dyld[88718]: <C8C301D5-8180-31EF-ACC6-F754D14E23AC> /System/Library/PrivateFrameworks/BackgroundTaskManagement.framework/Versions/A/BackgroundTaskManagement
dyld[88718]: <2F97CC24-F631-37B1-83CA-54632BF597FE> /usr/lib/libcurl.4.dylib
dyld[88718]: <F9685724-6622-3592-8336-B3811B583E83> /usr/lib/libcrypto.46.dylib
dyld[88718]: <83762FDF-B375-3BB1-B568-854F8F11CF89> /usr/lib/libssl.48.dylib
dyld[88718]: <53F32E19-D2E6-3256-9206-75B92E519199> /System/Library/Frameworks/LDAP.framework/Versions/A/LDAP
dyld[88718]: <B2593AAA-A99A-30C1-A0FC-3315ACC16951> /System/Library/PrivateFrameworks/TrustEvaluationAgent.framework/Versions/A/TrustEvaluationAgent
dyld[88718]: <28BFB13B-08D2-3705-A634-B4E888613489> /usr/lib/libsasl2.2.dylib
dyld[88718]: move loaded to delayed: XPCSupport
dyld[88718]: move loaded to delayed: CoreFoundation
dyld[88718]: move loaded to delayed: libswiftCore.dylib
dyld[88718]: move loaded to delayed: Foundation
dyld[88718]: move loaded to delayed: libswiftObjectiveC.dylib
dyld[88718]: move loaded to delayed: libswiftPrespecialized.dylib
dyld[88718]: move loaded to delayed: SystemConfiguration
dyld[88718]: move loaded to delayed: libz.1.dylib
dyld[88718]: move loaded to delayed: CoreAutoLayout
dyld[88718]: move loaded to delayed: libcmark-gfm.dylib
dyld[88718]: move loaded to delayed: libfakelink.dylib
dyld[88718]: move loaded to delayed: libcompression.dylib
dyld[88718]: move loaded to delayed: CFNetwork
dyld[88718]: move loaded to delayed: DiskArbitration
dyld[88718]: move loaded to delayed: libarchive.2.dylib
dyld[88718]: move loaded to delayed: libDiagnosticMessagesClient.dylib
dyld[88718]: move loaded to delayed: libicucore.A.dylib
dyld[88718]: move loaded to delayed: libxml2.2.dylib
dyld[88718]: move loaded to delayed: CoreServices
dyld[88718]: move loaded to delayed: liblangid.dylib
dyld[88718]: move loaded to delayed: IOKit
dyld[88718]: move loaded to delayed: Combine
dyld[88718]: move loaded to delayed: CollectionsInternal
dyld[88718]: move loaded to delayed: ReflectionInternal
dyld[88718]: move loaded to delayed: RuntimeInternal
dyld[88718]: move loaded to delayed: SoftLinking
dyld[88718]: move loaded to delayed: libswiftCoreFoundation.dylib
dyld[88718]: move loaded to delayed: libswiftDarwin.dylib
dyld[88718]: move loaded to delayed: libswiftDispatch.dylib
dyld[88718]: move loaded to delayed: libswiftIOKit.dylib
dyld[88718]: move loaded to delayed: libswiftSystem.dylib
dyld[88718]: move loaded to delayed: libswiftXPC.dylib
dyld[88718]: move loaded to delayed: libswift_Builtin_float.dylib
dyld[88718]: move loaded to delayed: libswift_Concurrency.dylib
dyld[88718]: move loaded to delayed: libswift_DarwinFoundation1.dylib
dyld[88718]: move loaded to delayed: libswift_StringProcessing.dylib
dyld[88718]: move loaded to delayed: libswiftos.dylib
dyld[88718]: move loaded to delayed: CoreServicesInternal
dyld[88718]: move loaded to delayed: liboah.dylib
dyld[88718]: move loaded to delayed: Security
dyld[88718]: move loaded to delayed: GenerationalStorage
dyld[88718]: move loaded to delayed: CacheDelete
dyld[88718]: move loaded to delayed: QuickLookThumbnailing
dyld[88718]: move loaded to delayed: FileProvider
dyld[88718]: move loaded to delayed: DiskImages
dyld[88718]: move loaded to delayed: NetFS
dyld[88718]: move loaded to delayed: DesktopServicesPriv
dyld[88718]: move loaded to delayed: FSEvents
dyld[88718]: move loaded to delayed: CarbonCore
dyld[88718]: move loaded to delayed: Metadata
dyld[88718]: move loaded to delayed: OSServices
dyld[88718]: move loaded to delayed: SearchKit
dyld[88718]: move loaded to delayed: AE
dyld[88718]: move loaded to delayed: LaunchServices
dyld[88718]: move loaded to delayed: DictionaryServices
dyld[88718]: move loaded to delayed: SharedFileList
dyld[88718]: move loaded to delayed: libapple_nghttp2.dylib
dyld[88718]: move loaded to delayed: libsqlite3.dylib
dyld[88718]: move loaded to delayed: Accounts
dyld[88718]: move loaded to delayed: AOSKit
dyld[88718]: move loaded to delayed: AppSSOCore
dyld[88718]: move loaded to delayed: AppSupport
dyld[88718]: move loaded to delayed: AVFoundation
dyld[88718]: move loaded to delayed: BackgroundSystemTasks
dyld[88718]: move loaded to delayed: CoreAnalytics
dyld[88718]: move loaded to delayed: CoreGraphics
dyld[88718]: move loaded to delayed: DuetActivityScheduler
dyld[88718]: move loaded to delayed: FTServices
dyld[88718]: move loaded to delayed: GSS
dyld[88718]: move loaded to delayed: InternationalSupport
dyld[88718]: move loaded to delayed: libMemoryResourceException.dylib
dyld[88718]: move loaded to delayed: NetworkScore
dyld[88718]: move loaded to delayed: NetworkServiceProxy
dyld[88718]: move loaded to delayed: RunningBoardServices
dyld[88718]: move loaded to delayed: StreamingExtractor
dyld[88718]: move loaded to delayed: StreamingZip
dyld[88718]: move loaded to delayed: SymptomReporter
dyld[88718]: move loaded to delayed: libenergytrace.dylib
dyld[88718]: move loaded to delayed: libnetworkextension.dylib
dyld[88718]: move loaded to delayed: Network
dyld[88718]: move loaded to delayed: libbsm.0.dylib
dyld[88718]: move loaded to delayed: libkxld.dylib
dyld[88718]: move loaded to delayed: AppleKeyStore
dyld[88718]: move loaded to delayed: libCoreEntitlements.dylib
dyld[88718]: move loaded to delayed: MessageSecurity
dyld[88718]: move loaded to delayed: ProtocolBuffer
dyld[88718]: move loaded to delayed: CloudServices
dyld[88718]: move loaded to delayed: SymptomDiagnosticReporter
dyld[88718]: move loaded to delayed: CrashReporterSupport
dyld[88718]: move loaded to delayed: libMobileGestalt.dylib
dyld[88718]: move loaded to delayed: AppleFSCompression
dyld[88718]: move loaded to delayed: libcoretls.dylib
dyld[88718]: move loaded to delayed: libcoretls_cfhelpers.dylib
dyld[88718]: move loaded to delayed: libpam.2.dylib
dyld[88718]: move loaded to delayed: libxar.1.dylib
dyld[88718]: move loaded to delayed: APFS
dyld[88718]: move loaded to delayed: SwiftASN1Internal
dyld[88718]: move loaded to delayed: libutil.dylib
dyld[88718]: move loaded to delayed: AppleSystemInfo
dyld[88718]: move loaded to delayed: IOMobileFramebuffer
dyld[88718]: move loaded to delayed: IOSurface
dyld[88718]: move loaded to delayed: CoreWiFi
dyld[88718]: move loaded to delayed: LoggingSupport
dyld[88718]: move loaded to delayed: MobileAsset
dyld[88718]: move loaded to delayed: PowerLog
dyld[88718]: move loaded to delayed: Rapport
dyld[88718]: move loaded to delayed: SwiftData
dyld[88718]: move loaded to delayed: SymptomAnalytics
dyld[88718]: move loaded to delayed: UniformTypeIdentifiers
dyld[88718]: move loaded to delayed: UserManagement
dyld[88718]: move loaded to delayed: libboringssl.dylib
dyld[88718]: move loaded to delayed: libcupolicy.dylib
dyld[88718]: move loaded to delayed: libdns_services.dylib
dyld[88718]: move loaded to delayed: NetworkExtension
dyld[88718]: move loaded to delayed: libnwswifttls.dylib
dyld[88718]: move loaded to delayed: libpcap.A.dylib
dyld[88718]: move loaded to delayed: libquic.dylib
dyld[88718]: move loaded to delayed: libusrtcp.dylib
dyld[88718]: move loaded to delayed: AtomicsInternal
dyld[88718]: move loaded to delayed: InternalSwiftProtobuf
dyld[88718]: move loaded to delayed: libswiftDistributed.dylib
dyld[88718]: move loaded to delayed: libswiftObservation.dylib
dyld[88718]: move loaded to delayed: libswiftSynchronization.dylib
dyld[88718]: move loaded to delayed: AggregateDictionary
dyld[88718]: move loaded to delayed: CoreDuetContext
dyld[88718]: move loaded to delayed: BiomeLibrary
dyld[88718]: move loaded to delayed: CoreDuet
dyld[88718]: move loaded to delayed: BiomeStreams
dyld[88718]: move loaded to delayed: BiomeFoundation
dyld[88718]: move loaded to delayed: BiomePubSub
dyld[88718]: move loaded to delayed: CoreData
dyld[88718]: move loaded to delayed: ProactiveSupport
dyld[88718]: move loaded to delayed: CoreLocation
dyld[88718]: move loaded to delayed: Intents
dyld[88718]: move loaded to delayed: _LocationEssentials
dyld[88718]: move loaded to delayed: liblzma.5.dylib
dyld[88718]: move loaded to delayed: Accelerate
dyld[88718]: move loaded to delayed: MobileKeyBag
dyld[88718]: move loaded to delayed: InternationalTextSearch
dyld[88718]: move loaded to delayed: SoftwareUpdateCoreSupport
dyld[88718]: move loaded to delayed: SoftwareUpdateCoreConnect
dyld[88718]: move loaded to delayed: RemoteServiceDiscovery
dyld[88718]: move loaded to delayed: MSUDataAccessor
dyld[88718]: move loaded to delayed: libbootpolicy.dylib
dyld[88718]: move loaded to delayed: RemoteXPC
dyld[88718]: move loaded to delayed: libFDR.dylib
dyld[88718]: move loaded to delayed: libamsupport.dylib
dyld[88718]: move loaded to delayed: libReverseProxyDevice.dylib
dyld[88718]: move loaded to delayed: AppleDeviceQuerySupport
dyld[88718]: move loaded to delayed: libpartition2_dynamic.dylib
dyld[88718]: move loaded to delayed: AppleSauce
dyld[88718]: move loaded to delayed: libAppleArchive.dylib
dyld[88718]: move loaded to delayed: libbz2.1.0.dylib
dyld[88718]: move loaded to delayed: vImage
dyld[88718]: move loaded to delayed: vecLib
dyld[88718]: move loaded to delayed: libvMisc.dylib
dyld[88718]: move loaded to delayed: libCGInterfaces.dylib
dyld[88718]: move loaded to delayed: AccelerateGPU
dyld[88718]: move loaded to delayed: libBLAS.dylib
dyld[88718]: move loaded to delayed: ApplicationServices
dyld[88718]: move loaded to delayed: CoreVideo
dyld[88718]: move loaded to delayed: ColorSync
dyld[88718]: move loaded to delayed: CoreText
dyld[88718]: move loaded to delayed: ImageIO
dyld[88718]: move loaded to delayed: ATS
dyld[88718]: move loaded to delayed: HIServices
dyld[88718]: move loaded to delayed: PrintCore
dyld[88718]: move loaded to delayed: QD
dyld[88718]: move loaded to delayed: ColorSyncLegacy
dyld[88718]: move loaded to delayed: SpeechSynthesis
dyld[88718]: move loaded to delayed: SkyLight
dyld[88718]: move loaded to delayed: libFontParser.dylib
dyld[88718]: move loaded to delayed: BaseBoard
dyld[88718]: move loaded to delayed: BoardServices
dyld[88718]: move loaded to delayed: BackBoardServices
dyld[88718]: move loaded to delayed: BackBoardHIDEventFoundation
dyld[88718]: move loaded to delayed: CoreDisplay
dyld[88718]: move loaded to delayed: VideoToolbox
dyld[88718]: move loaded to delayed: MetalPerformanceShaders
dyld[88718]: move loaded to delayed: ProDisplayLibrary
dyld[88718]: move loaded to delayed: IOSurfaceAccelerator
dyld[88718]: move loaded to delayed: Metal
dyld[88718]: move loaded to delayed: IOAccelerator
dyld[88718]: move loaded to delayed: CoreMedia
dyld[88718]: move loaded to delayed: TCC
dyld[88718]: move loaded to delayed: WatchdogClient
dyld[88718]: move loaded to delayed: QuartzCore
dyld[88718]: move loaded to delayed: MultitouchSupport
dyld[88718]: move loaded to delayed: libswiftAccelerate.dylib
dyld[88718]: move loaded to delayed: libswiftCoreAudio.dylib
dyld[88718]: move loaded to delayed: libswiftCoreMedia.dylib
dyld[88718]: move loaded to delayed: libswiftMetal.dylib
dyld[88718]: move loaded to delayed: libswiftOSLog.dylib
dyld[88718]: move loaded to delayed: libswiftQuartzCore.dylib
dyld[88718]: move loaded to delayed: libswiftUniformTypeIdentifiers.dylib
dyld[88718]: move loaded to delayed: libswiftVideoToolbox.dylib
dyld[88718]: move loaded to delayed: libswiftsimd.dylib
dyld[88718]: move loaded to delayed: BiomeStorage
dyld[88718]: move loaded to delayed: IntelligencePlatformLibrary
dyld[88718]: move loaded to delayed: PoirotSchematizer
dyld[88718]: move loaded to delayed: BiomeSync
dyld[88718]: move loaded to delayed: BiomeDSL
dyld[88718]: move loaded to delayed: FeatureFlags
dyld[88718]: move loaded to delayed: PoirotUDFs
dyld[88718]: move loaded to delayed: libswift_DarwinFoundation2.dylib
dyld[88718]: move loaded to delayed: libswift_DarwinFoundation3.dylib
dyld[88718]: move loaded to delayed: CoreTime
dyld[88718]: move loaded to delayed: PoirotSQLite
dyld[88718]: move loaded to delayed: libswift_RegexParser.dylib
dyld[88718]: move loaded to delayed: CascadeSets
dyld[88718]: move loaded to delayed: CorePhoneNumbers
dyld[88718]: move loaded to delayed: AppleJPEG
dyld[88718]: move loaded to delayed: libexpat.1.dylib
dyld[88718]: move loaded to delayed: libPng.dylib
dyld[88718]: move loaded to delayed: libTIFF.dylib
dyld[88718]: move loaded to delayed: libGIF.dylib
dyld[88718]: move loaded to delayed: libJP2.dylib
dyld[88718]: move loaded to delayed: libate.dylib
dyld[88718]: move loaded to delayed: libJPEG.dylib
dyld[88718]: move loaded to delayed: libRadiance.dylib
dyld[88718]: move loaded to delayed: libllvm-flatbuffers.dylib
dyld[88718]: move loaded to delayed: FramePacing
dyld[88718]: move loaded to delayed: libCoreFSCache.dylib
dyld[88718]: move loaded to delayed: libGPUCompilerUtils.dylib
dyld[88718]: move loaded to delayed: GraphicsServices
dyld[88718]: move loaded to delayed: OpenGL
dyld[88718]: move loaded to delayed: libGLU.dylib
dyld[88718]: move loaded to delayed: libGFXShared.dylib
dyld[88718]: move loaded to delayed: libGL.dylib
dyld[88718]: move loaded to delayed: libGLImage.dylib
dyld[88718]: move loaded to delayed: libCVMSPluginSupport.dylib
dyld[88718]: move loaded to delayed: libCoreVMClient.dylib
dyld[88718]: move loaded to delayed: GPUWrangler
dyld[88718]: move loaded to delayed: IOPresentment
dyld[88718]: move loaded to delayed: DSExternalDisplay
dyld[88718]: move loaded to delayed: VideoToolboxParavirtualizationSupport
dyld[88718]: move loaded to delayed: AppleVA
dyld[88718]: move loaded to delayed: ExtensionFoundation
dyld[88718]: move loaded to delayed: CMCaptureCore
dyld[88718]: move loaded to delayed: libspindump.dylib
dyld[88718]: move loaded to delayed: CoreAudio
dyld[88718]: move loaded to delayed: AppServerSupport
dyld[88718]: move loaded to delayed: perfdata
dyld[88718]: move loaded to delayed: AudioDSPGraph
dyld[88718]: move loaded to delayed: AudioToolboxCore
dyld[88718]: move loaded to delayed: caulk
dyld[88718]: move loaded to delayed: libAudioStatistics.dylib
dyld[88718]: move loaded to delayed: SystemPolicy
dyld[88718]: move loaded to delayed: libSMC.dylib
dyld[88718]: move loaded to delayed: libswiftCoreMIDI.dylib
dyld[88718]: move loaded to delayed: CoreMIDI
dyld[88718]: move loaded to delayed: libAudioToolboxUtility.dylib
dyld[88718]: move loaded to delayed: libperfcheck.dylib
dyld[88718]: move loaded to delayed: AudioAnalytics
dyld[88718]: move loaded to delayed: OSLog
dyld[88718]: move loaded to delayed: OSEligibility
dyld[88718]: move loaded to delayed: IconServices
dyld[88718]: move loaded to delayed: LightweightCodeRequirements
dyld[88718]: move loaded to delayed: PlugInKit
dyld[88718]: move loaded to delayed: AssertionServices
dyld[88718]: move loaded to delayed: IconFoundation
dyld[88718]: move loaded to delayed: AssistantServices
dyld[88718]: move loaded to delayed: IconRendering
dyld[88718]: move loaded to delayed: CoreUI
dyld[88718]: move loaded to delayed: CoreImage
dyld[88718]: move loaded to delayed: SFSymbols
dyld[88718]: move loaded to delayed: DeveloperToolsSupport
dyld[88718]: move loaded to delayed: RenderBox
dyld[88718]: move loaded to delayed: CoreSVG
dyld[88718]: move loaded to delayed: TextureIO
dyld[88718]: move loaded to delayed: libswiftCoreImage.dylib
dyld[88718]: move loaded to delayed: GraphVisualizer
dyld[88718]: move loaded to delayed: FontServices
dyld[88718]: move loaded to delayed: OTSVG
dyld[88718]: move loaded to delayed: libFontRegistry.dylib
dyld[88718]: move loaded to delayed: libhvf.dylib
dyld[88718]: move loaded to delayed: ParsingInternal
dyld[88718]: move loaded to delayed: libXTFontStaticRegistryData.dylib
dyld[88718]: move loaded to delayed: MPSCore
dyld[88718]: move loaded to delayed: MPSImage
dyld[88718]: move loaded to delayed: MPSNeuralNetwork
dyld[88718]: move loaded to delayed: MPSMatrix
dyld[88718]: move loaded to delayed: MPSRayIntersector
dyld[88718]: move loaded to delayed: MPSNDArray
dyld[88718]: move loaded to delayed: MPSFunctions
dyld[88718]: move loaded to delayed: MPSBenchmarkLoop
dyld[88718]: move loaded to delayed: MPSHost
dyld[88718]: move loaded to delayed: MetalTools
dyld[88718]: move loaded to delayed: IOAccelMemoryInfo
dyld[88718]: move loaded to delayed: kperf
dyld[88718]: move loaded to delayed: GPURawCounter
dyld[88718]: move loaded to delayed: ASEProcessing
dyld[88718]: move loaded to delayed: Symbolication
dyld[88718]: move loaded to delayed: PhotosensitivityProcessing
dyld[88718]: move loaded to delayed: SILManager
dyld[88718]: move loaded to delayed: CoreSymbolication
dyld[88718]: move loaded to delayed: MallocStackLogging
dyld[88718]: move loaded to delayed: DebugSymbols
dyld[88718]: move loaded to delayed: OSAnalytics
dyld[88718]: move loaded to delayed: DeviceRecovery
dyld[88718]: move loaded to delayed: Tightbeam
dyld[88718]: move loaded to delayed: libswiftCompression.dylib
dyld[88718]: move loaded to delayed: AFKUser
dyld[88718]: move loaded to delayed: ATSUI
dyld[88718]: move loaded to delayed: SAObjects
dyld[88718]: move loaded to delayed: AudioToolbox
dyld[88718]: move loaded to delayed: MediaRemote
dyld[88718]: move loaded to delayed: UserNotifications
dyld[88718]: move loaded to delayed: SiriInstrumentation
dyld[88718]: move loaded to delayed: SiriAnalytics
dyld[88718]: move loaded to delayed: SiriTTSService
dyld[88718]: move loaded to delayed: SiriCrossDeviceArbitration
dyld[88718]: move loaded to delayed: FeedbackLogger
dyld[88718]: move loaded to delayed: FaceTimeNameUtility
dyld[88718]: move loaded to delayed: AuthKit
dyld[88718]: move loaded to delayed: SiriCrossDeviceArbitrationFeedback
dyld[88718]: move loaded to delayed: libswiftCoreLocation.dylib
dyld[88718]: move loaded to delayed: libswiftAVFoundation.dylib
dyld[88718]: move loaded to delayed: UIKitServices
dyld[88718]: move loaded to delayed: UnifiedAssetFramework
dyld[88718]: move loaded to delayed: AudioSession
dyld[88718]: move loaded to delayed: MediaExperience
dyld[88718]: move loaded to delayed: libSessionUtility.dylib
dyld[88718]: move loaded to delayed: AudioAccessoryServices
dyld[88718]: move loaded to delayed: CoreBluetooth
dyld[88718]: move loaded to delayed: CoreUtils
dyld[88718]: move loaded to delayed: HID
dyld[88718]: move loaded to delayed: Sharing
dyld[88718]: move loaded to delayed: CoreUtilsExtras
dyld[88718]: move loaded to delayed: IO80211
dyld[88718]: move loaded to delayed: IDSFoundation
dyld[88718]: move loaded to delayed: Apple80211
dyld[88718]: move loaded to delayed: CoreWLAN
dyld[88718]: move loaded to delayed: IOBluetooth
dyld[88718]: move loaded to delayed: libswiftRegexBuilder.dylib
dyld[88718]: move loaded to delayed: IMFoundation
dyld[88718]: move loaded to delayed: Marco
dyld[88718]: move loaded to delayed: CommonUtilities
dyld[88718]: move loaded to delayed: Engram
dyld[88718]: move loaded to delayed: XPCDistributed
dyld[88718]: move loaded to delayed: libtidy.A.dylib
dyld[88718]: move loaded to delayed: Bom
dyld[88718]: move loaded to delayed: libParallelCompression.dylib
dyld[88718]: move loaded to delayed: libIOReport.dylib
dyld[88718]: move loaded to delayed: WiFiPeerToPeer
dyld[88718]: move loaded to delayed: SecurityFoundation
dyld[88718]: move loaded to delayed: Centauri
dyld[88718]: move loaded to delayed: Lexicon
dyld[88718]: move loaded to delayed: libmrc.dylib
dyld[88718]: move loaded to delayed: IPConfiguration
dyld[88718]: move loaded to delayed: Netrb
dyld[88718]: move loaded to delayed: FrontBoardServices
dyld[88718]: move loaded to delayed: libgermantok.dylib
dyld[88718]: move loaded to delayed: LinguisticData
dyld[88718]: move loaded to delayed: MultiverseSupport
dyld[88718]: move loaded to delayed: DiskManagement
dyld[88718]: move loaded to delayed: AppleIDAuthSupport
dyld[88718]: move loaded to delayed: AAAFoundation
dyld[88718]: move loaded to delayed: KeychainCircle
dyld[88718]: move loaded to delayed: URLFormatting
dyld[88718]: move loaded to delayed: libcsfde.dylib
dyld[88718]: move loaded to delayed: libCoreStorage.dylib
dyld[88718]: move loaded to delayed: MediaKit
dyld[88718]: move loaded to delayed: DiscRecording
dyld[88718]: move loaded to delayed: ProtectedCloudStorage
dyld[88718]: move loaded to delayed: EFILogin
dyld[88718]: move loaded to delayed: libheimdal-asn1.dylib
dyld[88718]: move loaded to delayed: OctagonTrust
dyld[88718]: move loaded to delayed: AudioUnit
dyld[88718]: move loaded to delayed: OpenDirectory
dyld[88718]: move loaded to delayed: CFOpenDirectory
dyld[88718]: move loaded to delayed: GeoServices
dyld[88718]: move loaded to delayed: LocationSupport
dyld[88718]: move loaded to delayed: GeoServicesCore
dyld[88718]: move loaded to delayed: PhoneNumbers
dyld[88718]: move loaded to delayed: LocationLogEncryption
dyld[88718]: move loaded to delayed: AVFAudio
dyld[88718]: move loaded to delayed: AVRouting
dyld[88718]: move loaded to delayed: libAccessibility.dylib
dyld[88718]: move loaded to delayed: MediaServices
dyld[88718]: move loaded to delayed: IDS
dyld[88718]: move loaded to delayed: IsolatedCoreAudioClient
dyld[88718]: move loaded to delayed: CoreAudioOrchestration
dyld[88718]: move loaded to delayed: MediaToolbox
dyld[88718]: move loaded to delayed: CoreAVCHD
dyld[88718]: move loaded to delayed: MediaAccessibility
dyld[88718]: move loaded to delayed: Mangrove
dyld[88718]: move loaded to delayed: CMPhoto
dyld[88718]: move loaded to delayed: CoreTelephony
dyld[88718]: move loaded to delayed: CoreAUC
dyld[88718]: move loaded to delayed: AppleJPEGXL
dyld[88718]: move loaded to delayed: libTelephonyUtilDynamic.dylib
dyld[88718]: move loaded to delayed: CryptoKit
dyld[88718]: move loaded to delayed: CryptoKitCBridging
dyld[88718]: move loaded to delayed: CryptoTokenKit
dyld[88718]: move loaded to delayed: LocalAuthentication
dyld[88718]: move loaded to delayed: LocalAuthenticationCore
dyld[88718]: move loaded to delayed: LocalAuthenticationCredentialServices
dyld[88718]: move loaded to delayed: SharedUtils
dyld[88718]: move loaded to delayed: PersistentConnection
dyld[88718]: move loaded to delayed: SonicFoundation
dyld[88718]: move loaded to delayed: AsyncAlgorithmsInternal
dyld[88718]: move loaded to delayed: FTAWD
dyld[88718]: move loaded to delayed: Dendrite
dyld[88718]: move loaded to delayed: libtailspin.dylib
dyld[88718]: move loaded to delayed: Osprey
dyld[88718]: move loaded to delayed: SiriTTS
dyld[88718]: move loaded to delayed: NaturalLanguage
dyld[88718]: move loaded to delayed: GenerativeModels
dyld[88718]: move loaded to delayed: SiriPowerInstrumentation
dyld[88718]: move loaded to delayed: libswiftNaturalLanguage.dylib
dyld[88718]: move loaded to delayed: TailspinSymbolication
dyld[88718]: move loaded to delayed: Darwinup
dyld[88718]: move loaded to delayed: SignpostSupport
dyld[88718]: move loaded to delayed: FeatureFlagsSupport
dyld[88718]: move loaded to delayed: ktrace
dyld[88718]: move loaded to delayed: SampleAnalysis
dyld[88718]: move loaded to delayed: kperfdata
dyld[88718]: move loaded to delayed: libdscsym.dylib
dyld[88718]: move loaded to delayed: AppleMobileFileIntegrity
dyld[88718]: move loaded to delayed: BulkSymbolication
dyld[88718]: move loaded to delayed: libTLE.dylib
dyld[88718]: move loaded to delayed: libmis.dylib
dyld[88718]: move loaded to delayed: ConfigProfileHelper
dyld[88718]: move loaded to delayed: Espresso
dyld[88718]: move loaded to delayed: CoreML
dyld[88718]: move loaded to delayed: libedit.3.dylib
dyld[88718]: move loaded to delayed: ANECompiler
dyld[88718]: move loaded to delayed: AppleNeuralEngine
dyld[88718]: move loaded to delayed: MIL
dyld[88718]: move loaded to delayed: MetalPerformanceShadersGraph
dyld[88718]: move loaded to delayed: MLCompilerServices
dyld[88718]: move loaded to delayed: ANEServices
dyld[88718]: move loaded to delayed: libncurses.5.4.dylib
dyld[88718]: move loaded to delayed: libsandbox.1.dylib
dyld[88718]: move loaded to delayed: libMatch.1.dylib
dyld[88718]: move loaded to delayed: ODIE
dyld[88718]: move loaded to delayed: MLModelAsset
dyld[88718]: move loaded to delayed: MLCompilerRuntime
dyld[88718]: move loaded to delayed: MLCompute
dyld[88718]: move loaded to delayed: MLAssetIO
dyld[88718]: move loaded to delayed: libswiftMLCompute.dylib
dyld[88718]: move loaded to delayed: AVFCore
dyld[88718]: move loaded to delayed: AVFCapture
dyld[88718]: move loaded to delayed: CMImaging
dyld[88718]: move loaded to delayed: Quagga
dyld[88718]: move loaded to delayed: CMCapture
dyld[88718]: move loaded to delayed: CoreMediaIO
dyld[88718]: move loaded to delayed: CMCaptureDevice
dyld[88718]: move loaded to delayed: CoreBrightness
dyld[88718]: move loaded to delayed: CinematicFraming
dyld[88718]: move loaded to delayed: ModelManagerServices
dyld[88718]: move loaded to delayed: CPMS
dyld[88718]: move loaded to delayed: SystemStatus
dyld[88718]: move loaded to delayed: CoreMotion
dyld[88718]: move loaded to delayed: TimeSync
dyld[88718]: move loaded to delayed: DistributedSensing
dyld[88718]: move loaded to delayed: MobileBluetooth
dyld[88718]: move loaded to delayed: IOKitten
dyld[88718]: move loaded to delayed: AppleIntelligenceReporting
dyld[88718]: move loaded to delayed: CoreEmoji
dyld[88718]: move loaded to delayed: libCRFSuite.dylib
dyld[88718]: move loaded to delayed: LanguageModeling
dyld[88718]: move loaded to delayed: CoreNLP
dyld[88718]: move loaded to delayed: Montreal
dyld[88718]: move loaded to delayed: libcmph.dylib
dyld[88718]: move loaded to delayed: libmecab.dylib
dyld[88718]: move loaded to delayed: libThaiTokenizer.dylib
dyld[88718]: move loaded to delayed: GenerativeModelsFoundation
dyld[88718]: move loaded to delayed: TokenGeneration
dyld[88718]: move loaded to delayed: GenerativeFunctions
dyld[88718]: move loaded to delayed: GenerativeFunctionsFoundation
dyld[88718]: move loaded to delayed: ModelCatalog
dyld[88718]: move loaded to delayed: SensitiveContentAnalysisML
dyld[88718]: move loaded to delayed: GenerativeFunctionsInstrumentation
dyld[88718]: move loaded to delayed: PromptKit
dyld[88718]: move loaded to delayed: ProactiveDaemonSupport
dyld[88718]: move loaded to delayed: TokenGenerationCore
dyld[88718]: move loaded to delayed: Trial
dyld[88718]: move loaded to delayed: TrialProto
dyld[88718]: move loaded to delayed: AppleFlatBuffers
dyld[88718]: move loaded to delayed: SentencePieceInternal
dyld[88718]: move loaded to delayed: Vision
dyld[88718]: move loaded to delayed: CoreSceneUnderstanding
dyld[88718]: move loaded to delayed: VisionCore
dyld[88718]: move loaded to delayed: DataDetectorsCore
dyld[88718]: move loaded to delayed: libfaceCore.dylib
dyld[88718]: move loaded to delayed: Futhark
dyld[88718]: move loaded to delayed: InertiaCam
dyld[88718]: move loaded to delayed: TextRecognition
dyld[88718]: move loaded to delayed: DataDetection
dyld[88718]: move loaded to delayed: TextInput
dyld[88718]: move loaded to delayed: CVNLP
dyld[88718]: move loaded to delayed: IntentsFoundation
dyld[88718]: move loaded to delayed: HIDDisplay
dyld[88718]: move loaded to delayed: libcups.2.dylib
dyld[88718]: move loaded to delayed: Kerberos
dyld[88718]: move loaded to delayed: libresolv.9.dylib
dyld[88718]: move loaded to delayed: Heimdal
dyld[88718]: move loaded to delayed: libHeimdalProxy.dylib
dyld[88718]: move loaded to delayed: CommonAuth
dyld[88718]: move loaded to delayed: AXCoreUtilities
dyld[88718]: move loaded to delayed: AttributeGraph
dyld[88718]: move loaded to delayed: libAXSafeCategoryBundle.dylib
dyld[88718]: move loaded to delayed: TabularData
dyld[88718]: move loaded to delayed: ArgumentParserInternal
dyld[88718]: move loaded to delayed: libvDSP.dylib
dyld[88718]: move loaded to delayed: libLAPACK.dylib
dyld[88718]: move loaded to delayed: libLinearAlgebra.dylib
dyld[88718]: move loaded to delayed: libSparseBLAS.dylib
dyld[88718]: move loaded to delayed: libQuadrature.dylib
dyld[88718]: move loaded to delayed: libBNNS.dylib
dyld[88718]: move loaded to delayed: libSparse.dylib
dyld[88718]: move loaded to delayed: ApplePushService
dyld[88718]: move loaded to delayed: CloudKit
dyld[88718]: move loaded to delayed: CoreDuetDaemonProtocol
dyld[88718]: move loaded to delayed: DeviceIdentity
dyld[88718]: move loaded to delayed: SharedWithYouCore
dyld[88718]: move loaded to delayed: CloudTelemetry
dyld[88718]: move loaded to delayed: AppleAccount
dyld[88718]: move loaded to delayed: C2
dyld[88718]: move loaded to delayed: CloudCoreInternal
dyld[88718]: move loaded to delayed: CloudAsset
dyld[88718]: move loaded to delayed: PushKit
dyld[88718]: move loaded to delayed: CoreTransferable
dyld[88718]: move loaded to delayed: NetAuth
dyld[88718]: move loaded to delayed: loginsupport
dyld[88718]: move loaded to delayed: CloudTelemetryTools
dyld[88718]: move loaded to delayed: CloudTelemetryShared.dylib
dyld[88718]: move loaded to delayed: RTCReporting
dyld[88718]: move loaded to delayed: AAAFoundationSwift
dyld[88718]: move loaded to delayed: AppleIDSSOAuthentication
dyld[88718]: move loaded to delayed: UIFoundation
dyld[88718]: move loaded to delayed: CaptiveNetwork
dyld[88718]: move loaded to delayed: EAP8021X
dyld[88718]: move loaded to delayed: CryptoKitPrivate
dyld[88718]: move loaded to delayed: FindMyDevice
dyld[88718]: move loaded to delayed: FMCoreLite
dyld[88718]: move loaded to delayed: ServiceManagement
dyld[88718]: move loaded to delayed: libCheckFix.dylib
dyld[88718]: move loaded to delayed: MetadataUtilities
dyld[88718]: move loaded to delayed: InstalledContentLibrary
dyld[88718]: move loaded to delayed: CoreServicesStore
dyld[88718]: move loaded to delayed: libapp_launch_measurement.dylib
dyld[88718]: move loaded to delayed: MobileSystemServices
dyld[88718]: move loaded to delayed: libxslt.1.dylib
dyld[88718]: move loaded to delayed: BackgroundTaskManagement
dyld[88718]: move loaded to delayed: libcurl.4.dylib
dyld[88718]: move loaded to delayed: libcrypto.46.dylib
dyld[88718]: move loaded to delayed: libssl.48.dylib
dyld[88718]: move loaded to delayed: LDAP
dyld[88718]: move loaded to delayed: TrustEvaluationAgent
dyld[88718]: move loaded to delayed: libsasl2.2.dylib
dyld[88718]: running initializer 0x19bc6125c in /usr/lib/libSystem.B.dylib
dyld[88718]: running initializer 0x18bb50224 in /usr/lib/system/libsystem_trace.dylib
dyld[88718]: <D6B716AD-05AA-3CA5-A30D-85C5402E184C> /Users/elie/git/magika/tmp/rules-pr-worktree/tmp/comparison-tools/magika2-deferred-spike-v3/lib/libmagika_runtime_metal.dylib
dyld[88718]: move delayed to loaded: CoreFoundation
dyld[88718]: move delayed to loaded: libswiftCore.dylib
dyld[88718]: move delayed to loaded: Foundation
dyld[88718]: move delayed to loaded: libswiftObjectiveC.dylib
dyld[88718]: move delayed to loaded: libswiftPrespecialized.dylib
dyld[88718]: move delayed to loaded: SystemConfiguration
dyld[88718]: move delayed to loaded: libz.1.dylib
dyld[88718]: move delayed to loaded: CoreAutoLayout
dyld[88718]: move delayed to loaded: libfakelink.dylib
dyld[88718]: move delayed to loaded: libcompression.dylib
dyld[88718]: move delayed to loaded: CFNetwork
dyld[88718]: move delayed to loaded: DiskArbitration
dyld[88718]: move delayed to loaded: libarchive.2.dylib
dyld[88718]: move delayed to loaded: libDiagnosticMessagesClient.dylib
dyld[88718]: move delayed to loaded: libicucore.A.dylib
dyld[88718]: move delayed to loaded: libxml2.2.dylib
dyld[88718]: move delayed to loaded: CoreServices
dyld[88718]: move delayed to loaded: liblangid.dylib
dyld[88718]: move delayed to loaded: IOKit
dyld[88718]: move delayed to loaded: Combine
dyld[88718]: move delayed to loaded: CollectionsInternal
dyld[88718]: move delayed to loaded: ReflectionInternal
dyld[88718]: move delayed to loaded: RuntimeInternal
dyld[88718]: move delayed to loaded: SoftLinking
dyld[88718]: move delayed to loaded: libswiftCoreFoundation.dylib
dyld[88718]: move delayed to loaded: libswiftDarwin.dylib
dyld[88718]: move delayed to loaded: libswiftDispatch.dylib
dyld[88718]: move delayed to loaded: libswiftIOKit.dylib
dyld[88718]: move delayed to loaded: libswiftSystem.dylib
dyld[88718]: move delayed to loaded: libswiftXPC.dylib
dyld[88718]: move delayed to loaded: libswift_Builtin_float.dylib
dyld[88718]: move delayed to loaded: libswift_Concurrency.dylib
dyld[88718]: move delayed to loaded: libswift_DarwinFoundation1.dylib
dyld[88718]: move delayed to loaded: libswift_StringProcessing.dylib
dyld[88718]: move delayed to loaded: libswiftos.dylib
dyld[88718]: move delayed to loaded: CoreServicesInternal
dyld[88718]: move delayed to loaded: liboah.dylib
dyld[88718]: move delayed to loaded: Security
dyld[88718]: move delayed to loaded: DiskImages
dyld[88718]: move delayed to loaded: NetFS
dyld[88718]: move delayed to loaded: FSEvents
dyld[88718]: move delayed to loaded: CarbonCore
dyld[88718]: move delayed to loaded: Metadata
dyld[88718]: move delayed to loaded: OSServices
dyld[88718]: move delayed to loaded: SearchKit
dyld[88718]: move delayed to loaded: AE
dyld[88718]: move delayed to loaded: LaunchServices
dyld[88718]: move delayed to loaded: DictionaryServices
dyld[88718]: move delayed to loaded: SharedFileList
dyld[88718]: move delayed to loaded: libapple_nghttp2.dylib
dyld[88718]: move delayed to loaded: libsqlite3.dylib
dyld[88718]: move delayed to loaded: AppSupport
dyld[88718]: move delayed to loaded: CoreAnalytics
dyld[88718]: move delayed to loaded: CoreGraphics
dyld[88718]: move delayed to loaded: GSS
dyld[88718]: move delayed to loaded: RunningBoardServices
dyld[88718]: move delayed to loaded: StreamingZip
dyld[88718]: move delayed to loaded: libenergytrace.dylib
dyld[88718]: move delayed to loaded: Network
dyld[88718]: move delayed to loaded: libbsm.0.dylib
dyld[88718]: move delayed to loaded: libkxld.dylib
dyld[88718]: move delayed to loaded: AppleKeyStore
dyld[88718]: move delayed to loaded: libCoreEntitlements.dylib
dyld[88718]: move delayed to loaded: MessageSecurity
dyld[88718]: move delayed to loaded: ProtocolBuffer
dyld[88718]: move delayed to loaded: SymptomDiagnosticReporter
dyld[88718]: move delayed to loaded: CrashReporterSupport
dyld[88718]: move delayed to loaded: libMobileGestalt.dylib
dyld[88718]: move delayed to loaded: AppleFSCompression
dyld[88718]: move delayed to loaded: libcoretls.dylib
dyld[88718]: move delayed to loaded: libcoretls_cfhelpers.dylib
dyld[88718]: move delayed to loaded: libpam.2.dylib
dyld[88718]: move delayed to loaded: libxar.1.dylib
dyld[88718]: move delayed to loaded: APFS
dyld[88718]: move delayed to loaded: SwiftASN1Internal
dyld[88718]: move delayed to loaded: libutil.dylib
dyld[88718]: move delayed to loaded: AppleSystemInfo
dyld[88718]: move delayed to loaded: IOMobileFramebuffer
dyld[88718]: move delayed to loaded: IOSurface
dyld[88718]: move delayed to loaded: LoggingSupport
dyld[88718]: move delayed to loaded: MobileAsset
dyld[88718]: move delayed to loaded: PowerLog
dyld[88718]: move delayed to loaded: SwiftData
dyld[88718]: move delayed to loaded: UniformTypeIdentifiers
dyld[88718]: move delayed to loaded: UserManagement
dyld[88718]: move delayed to loaded: libboringssl.dylib
dyld[88718]: move delayed to loaded: libdns_services.dylib
dyld[88718]: move delayed to loaded: libquic.dylib
dyld[88718]: move delayed to loaded: libusrtcp.dylib
dyld[88718]: move delayed to loaded: AtomicsInternal
dyld[88718]: move delayed to loaded: InternalSwiftProtobuf
dyld[88718]: move delayed to loaded: libswiftDistributed.dylib
dyld[88718]: move delayed to loaded: libswiftObservation.dylib
dyld[88718]: move delayed to loaded: libswiftSynchronization.dylib
dyld[88718]: move delayed to loaded: AggregateDictionary
dyld[88718]: move delayed to loaded: BiomeLibrary
dyld[88718]: move delayed to loaded: BiomeStreams
dyld[88718]: move delayed to loaded: BiomeFoundation
dyld[88718]: move delayed to loaded: BiomePubSub
dyld[88718]: move delayed to loaded: CoreData
dyld[88718]: move delayed to loaded: ProactiveSupport
dyld[88718]: move delayed to loaded: liblzma.5.dylib
dyld[88718]: move delayed to loaded: Accelerate
dyld[88718]: move delayed to loaded: MobileKeyBag
dyld[88718]: move delayed to loaded: InternationalTextSearch
dyld[88718]: move delayed to loaded: SoftwareUpdateCoreSupport
dyld[88718]: move delayed to loaded: SoftwareUpdateCoreConnect
dyld[88718]: move delayed to loaded: RemoteServiceDiscovery
dyld[88718]: move delayed to loaded: MSUDataAccessor
dyld[88718]: move delayed to loaded: libbootpolicy.dylib
dyld[88718]: move delayed to loaded: RemoteXPC
dyld[88718]: move delayed to loaded: libFDR.dylib
dyld[88718]: move delayed to loaded: libamsupport.dylib
dyld[88718]: move delayed to loaded: libReverseProxyDevice.dylib
dyld[88718]: move delayed to loaded: AppleDeviceQuerySupport
dyld[88718]: move delayed to loaded: libpartition2_dynamic.dylib
dyld[88718]: move delayed to loaded: AppleSauce
dyld[88718]: move delayed to loaded: libAppleArchive.dylib
dyld[88718]: move delayed to loaded: libbz2.1.0.dylib
dyld[88718]: move delayed to loaded: vImage
dyld[88718]: move delayed to loaded: vecLib
dyld[88718]: move delayed to loaded: libvMisc.dylib
dyld[88718]: move delayed to loaded: libBLAS.dylib
dyld[88718]: move delayed to loaded: CoreVideo
dyld[88718]: move delayed to loaded: ColorSync
dyld[88718]: move delayed to loaded: CoreText
dyld[88718]: move delayed to loaded: ImageIO
dyld[88718]: move delayed to loaded: SkyLight
dyld[88718]: move delayed to loaded: libFontParser.dylib
dyld[88718]: move delayed to loaded: BaseBoard
dyld[88718]: move delayed to loaded: BoardServices
dyld[88718]: move delayed to loaded: BackBoardServices
dyld[88718]: move delayed to loaded: BackBoardHIDEventFoundation
dyld[88718]: move delayed to loaded: CoreDisplay
dyld[88718]: move delayed to loaded: VideoToolbox
dyld[88718]: move delayed to loaded: MetalPerformanceShaders
dyld[88718]: move delayed to loaded: ProDisplayLibrary
dyld[88718]: move delayed to loaded: IOSurfaceAccelerator
dyld[88718]: move delayed to loaded: Metal
dyld[88718]: move delayed to loaded: IOAccelerator
dyld[88718]: move delayed to loaded: CoreMedia
dyld[88718]: move delayed to loaded: TCC
dyld[88718]: move delayed to loaded: WatchdogClient
dyld[88718]: move delayed to loaded: QuartzCore
dyld[88718]: move delayed to loaded: MultitouchSupport
dyld[88718]: move delayed to loaded: libswiftAccelerate.dylib
dyld[88718]: move delayed to loaded: libswiftCoreAudio.dylib
dyld[88718]: move delayed to loaded: libswiftCoreMedia.dylib
dyld[88718]: move delayed to loaded: libswiftMetal.dylib
dyld[88718]: move delayed to loaded: libswiftOSLog.dylib
dyld[88718]: move delayed to loaded: libswiftQuartzCore.dylib
dyld[88718]: move delayed to loaded: libswiftUniformTypeIdentifiers.dylib
dyld[88718]: move delayed to loaded: libswiftVideoToolbox.dylib
dyld[88718]: move delayed to loaded: libswiftsimd.dylib
dyld[88718]: move delayed to loaded: BiomeStorage
dyld[88718]: move delayed to loaded: IntelligencePlatformLibrary
dyld[88718]: move delayed to loaded: PoirotSchematizer
dyld[88718]: move delayed to loaded: BiomeSync
dyld[88718]: move delayed to loaded: BiomeDSL
dyld[88718]: move delayed to loaded: FeatureFlags
dyld[88718]: move delayed to loaded: PoirotUDFs
dyld[88718]: move delayed to loaded: libswift_DarwinFoundation2.dylib
dyld[88718]: move delayed to loaded: libswift_DarwinFoundation3.dylib
dyld[88718]: move delayed to loaded: CoreTime
dyld[88718]: move delayed to loaded: PoirotSQLite
dyld[88718]: move delayed to loaded: libswift_RegexParser.dylib
dyld[88718]: move delayed to loaded: CascadeSets
dyld[88718]: move delayed to loaded: CorePhoneNumbers
dyld[88718]: move delayed to loaded: AppleJPEG
dyld[88718]: move delayed to loaded: libexpat.1.dylib
dyld[88718]: move delayed to loaded: libPng.dylib
dyld[88718]: move delayed to loaded: libTIFF.dylib
dyld[88718]: move delayed to loaded: libGIF.dylib
dyld[88718]: move delayed to loaded: libJP2.dylib
dyld[88718]: move delayed to loaded: libate.dylib
dyld[88718]: move delayed to loaded: libJPEG.dylib
dyld[88718]: move delayed to loaded: libRadiance.dylib
dyld[88718]: move delayed to loaded: libllvm-flatbuffers.dylib
dyld[88718]: move delayed to loaded: FramePacing
dyld[88718]: move delayed to loaded: libCoreFSCache.dylib
dyld[88718]: move delayed to loaded: libGPUCompilerUtils.dylib
dyld[88718]: move delayed to loaded: GraphicsServices
dyld[88718]: move delayed to loaded: OpenGL
dyld[88718]: move delayed to loaded: libGLU.dylib
dyld[88718]: move delayed to loaded: libGFXShared.dylib
dyld[88718]: move delayed to loaded: libGL.dylib
dyld[88718]: move delayed to loaded: libGLImage.dylib
dyld[88718]: move delayed to loaded: libCVMSPluginSupport.dylib
dyld[88718]: move delayed to loaded: libCoreVMClient.dylib
dyld[88718]: move delayed to loaded: GPUWrangler
dyld[88718]: move delayed to loaded: IOPresentment
dyld[88718]: move delayed to loaded: DSExternalDisplay
dyld[88718]: move delayed to loaded: VideoToolboxParavirtualizationSupport
dyld[88718]: move delayed to loaded: AppleVA
dyld[88718]: move delayed to loaded: ExtensionFoundation
dyld[88718]: move delayed to loaded: CMCaptureCore
dyld[88718]: move delayed to loaded: libspindump.dylib
dyld[88718]: move delayed to loaded: CoreAudio
dyld[88718]: move delayed to loaded: AppServerSupport
dyld[88718]: move delayed to loaded: perfdata
dyld[88718]: move delayed to loaded: AudioToolboxCore
dyld[88718]: move delayed to loaded: caulk
dyld[88718]: move delayed to loaded: libAudioStatistics.dylib
dyld[88718]: move delayed to loaded: SystemPolicy
dyld[88718]: move delayed to loaded: libSMC.dylib
dyld[88718]: move delayed to loaded: libswiftCoreMIDI.dylib
dyld[88718]: move delayed to loaded: CoreMIDI
dyld[88718]: move delayed to loaded: libAudioToolboxUtility.dylib
dyld[88718]: move delayed to loaded: libperfcheck.dylib
dyld[88718]: move delayed to loaded: AudioAnalytics
dyld[88718]: move delayed to loaded: OSLog
dyld[88718]: move delayed to loaded: OSEligibility
dyld[88718]: move delayed to loaded: LightweightCodeRequirements
dyld[88718]: move delayed to loaded: PlugInKit
dyld[88718]: move delayed to loaded: AssertionServices
dyld[88718]: move delayed to loaded: CoreImage
dyld[88718]: move delayed to loaded: GraphVisualizer
dyld[88718]: move delayed to loaded: FontServices
dyld[88718]: move delayed to loaded: OTSVG
dyld[88718]: move delayed to loaded: libFontRegistry.dylib
dyld[88718]: move delayed to loaded: libhvf.dylib
dyld[88718]: move delayed to loaded: ParsingInternal
dyld[88718]: move delayed to loaded: libXTFontStaticRegistryData.dylib
dyld[88718]: move delayed to loaded: MPSCore
dyld[88718]: move delayed to loaded: MPSImage
dyld[88718]: move delayed to loaded: MPSNeuralNetwork
dyld[88718]: move delayed to loaded: MPSMatrix
dyld[88718]: move delayed to loaded: MPSRayIntersector
dyld[88718]: move delayed to loaded: MPSNDArray
dyld[88718]: move delayed to loaded: MPSFunctions
dyld[88718]: move delayed to loaded: MPSBenchmarkLoop
dyld[88718]: move delayed to loaded: MPSHost
dyld[88718]: move delayed to loaded: MetalTools
dyld[88718]: move delayed to loaded: IOAccelMemoryInfo
dyld[88718]: move delayed to loaded: kperf
dyld[88718]: move delayed to loaded: GPURawCounter
dyld[88718]: move delayed to loaded: ASEProcessing
dyld[88718]: move delayed to loaded: Symbolication
dyld[88718]: move delayed to loaded: PhotosensitivityProcessing
dyld[88718]: move delayed to loaded: SILManager
dyld[88718]: move delayed to loaded: CoreSymbolication
dyld[88718]: move delayed to loaded: MallocStackLogging
dyld[88718]: move delayed to loaded: DebugSymbols
dyld[88718]: move delayed to loaded: OSAnalytics
dyld[88718]: move delayed to loaded: DeviceRecovery
dyld[88718]: move delayed to loaded: Tightbeam
dyld[88718]: move delayed to loaded: libswiftCompression.dylib
dyld[88718]: move delayed to loaded: AFKUser
dyld[88718]: move delayed to loaded: AudioToolbox
dyld[88718]: move delayed to loaded: AudioSession
dyld[88718]: move delayed to loaded: MediaExperience
dyld[88718]: move delayed to loaded: libSessionUtility.dylib
dyld[88718]: move delayed to loaded: HID
dyld[88718]: move delayed to loaded: SecurityFoundation
dyld[88718]: move delayed to loaded: Lexicon
dyld[88718]: move delayed to loaded: libgermantok.dylib
dyld[88718]: move delayed to loaded: LinguisticData
dyld[88718]: move delayed to loaded: MediaKit
dyld[88718]: move delayed to loaded: DiscRecording
dyld[88718]: move delayed to loaded: libheimdal-asn1.dylib
dyld[88718]: move delayed to loaded: OpenDirectory
dyld[88718]: move delayed to loaded: CFOpenDirectory
dyld[88718]: move delayed to loaded: AppleMobileFileIntegrity
dyld[88718]: move delayed to loaded: libTLE.dylib
dyld[88718]: move delayed to loaded: libmis.dylib
dyld[88718]: move delayed to loaded: ConfigProfileHelper
dyld[88718]: move delayed to loaded: MIL
dyld[88718]: move delayed to loaded: libCRFSuite.dylib
dyld[88718]: move delayed to loaded: CoreNLP
dyld[88718]: move delayed to loaded: libmecab.dylib
dyld[88718]: move delayed to loaded: libThaiTokenizer.dylib
dyld[88718]: move delayed to loaded: HIDDisplay
dyld[88718]: move delayed to loaded: Kerberos
dyld[88718]: move delayed to loaded: libresolv.9.dylib
dyld[88718]: move delayed to loaded: Heimdal
dyld[88718]: move delayed to loaded: libHeimdalProxy.dylib
dyld[88718]: move delayed to loaded: CommonAuth
dyld[88718]: move delayed to loaded: libvDSP.dylib
dyld[88718]: move delayed to loaded: libLAPACK.dylib
dyld[88718]: move delayed to loaded: libLinearAlgebra.dylib
dyld[88718]: move delayed to loaded: libSparseBLAS.dylib
dyld[88718]: move delayed to loaded: libQuadrature.dylib
dyld[88718]: move delayed to loaded: libBNNS.dylib
dyld[88718]: move delayed to loaded: libSparse.dylib
dyld[88718]: move delayed to loaded: NetAuth
dyld[88718]: move delayed to loaded: loginsupport
dyld[88718]: move delayed to loaded: libCheckFix.dylib
dyld[88718]: move delayed to loaded: MetadataUtilities
dyld[88718]: move delayed to loaded: InstalledContentLibrary
dyld[88718]: move delayed to loaded: CoreServicesStore
dyld[88718]: move delayed to loaded: libapp_launch_measurement.dylib
dyld[88718]: move delayed to loaded: MobileSystemServices
dyld[88718]: move delayed to loaded: libxslt.1.dylib
dyld[88718]: move delayed to loaded: BackgroundTaskManagement
dyld[88718]: move delayed to loaded: libcurl.4.dylib
dyld[88718]: move delayed to loaded: libcrypto.46.dylib
dyld[88718]: move delayed to loaded: libssl.48.dylib
dyld[88718]: move delayed to loaded: LDAP
dyld[88718]: move delayed to loaded: TrustEvaluationAgent
dyld[88718]: move delayed to loaded: libsasl2.2.dylib
dyld[88718]: running initializer 0x18bdc773c in /usr/lib/libc++abi.dylib
dyld[88718]: running initializer 0x18bd3dad4 in /usr/lib/libc++.1.dylib
dyld[88718]: running initializer 0x18bd5aa78 in /usr/lib/libc++.1.dylib
dyld[88718]: running initializer 0x18be527a0 in /System/Library/Frameworks/CoreFoundation.framework/Versions/A/CoreFoundation
dyld[88718]: running initializer 0x19f54b164 in /usr/lib/swift/libswiftCore.dylib
dyld[88718]: running initializer 0x19f5682e0 in /usr/lib/swift/libswiftCore.dylib
dyld[88718]: running initializer 0x19f4d32a0 in /usr/lib/swift/libswiftCore.dylib
dyld[88718]: running initializer 0x19f4d32bc in /usr/lib/swift/libswiftCore.dylib
dyld[88718]: running initializer 0x19f593ae8 in /usr/lib/swift/libswiftCore.dylib
dyld[88718]: running initializer 0x19f4d32d4 in /usr/lib/swift/libswiftCore.dylib
dyld[88718]: running initializer 0x29081f7d0 in /usr/lib/swift/libswift_Concurrency.dylib
dyld[88718]: running initializer 0x2908222fc in /usr/lib/swift/libswift_Concurrency.dylib
dyld[88718]: running initializer 0x290825b34 in /usr/lib/swift/libswift_Concurrency.dylib
dyld[88718]: running initializer 0x10ad4e5a8 in /Users/elie/git/magika/tmp/rules-pr-worktree/tmp/comparison-tools/magika2-deferred-spike-v3/lib/libmagika_runtime_metal.dylib
dyld[88718]: running initializer 0x10ad4e9e8 in /Users/elie/git/magika/tmp/rules-pr-worktree/tmp/comparison-tools/magika2-deferred-spike-v3/lib/libmagika_runtime_metal.dylib
dyld[88718]: running initializer 0x10ad4ed2c in /Users/elie/git/magika/tmp/rules-pr-worktree/tmp/comparison-tools/magika2-deferred-spike-v3/lib/libmagika_runtime_metal.dylib
dyld[88718]: running initializer 0x10ad4ed98 in /Users/elie/git/magika/tmp/rules-pr-worktree/tmp/comparison-tools/magika2-deferred-spike-v3/lib/libmagika_runtime_metal.dylib
dyld[88718]: running initializer 0x10ad4ee4c in /Users/elie/git/magika/tmp/rules-pr-worktree/tmp/comparison-tools/magika2-deferred-spike-v3/lib/libmagika_runtime_metal.dylib
dyld[88718]: running initializer 0x10ad4eef8 in /Users/elie/git/magika/tmp/rules-pr-worktree/tmp/comparison-tools/magika2-deferred-spike-v3/lib/libmagika_runtime_metal.dylib
dyld[88718]: running initializer 0x10afe030c in /Users/elie/git/magika/tmp/rules-pr-worktree/tmp/comparison-tools/magika2-deferred-spike-v3/lib/libmagika_runtime_metal.dylib
dyld[88718]: running initializer 0x10afe76d4 in /Users/elie/git/magika/tmp/rules-pr-worktree/tmp/comparison-tools/magika2-deferred-spike-v3/lib/libmagika_runtime_metal.dylib
dyld[88718]: running initializer 0x10afe792c in /Users/elie/git/magika/tmp/rules-pr-worktree/tmp/comparison-tools/magika2-deferred-spike-v3/lib/libmagika_runtime_metal.dylib
dyld[88718]: running initializer 0x10b03d088 in /Users/elie/git/magika/tmp/rules-pr-worktree/tmp/comparison-tools/magika2-deferred-spike-v3/lib/libmagika_runtime_metal.dylib
dyld[88718]: running initializer 0x10b03d2f8 in /Users/elie/git/magika/tmp/rules-pr-worktree/tmp/comparison-tools/magika2-deferred-spike-v3/lib/libmagika_runtime_metal.dylib
dyld[88718]: running initializer 0x10b043bf8 in /Users/elie/git/magika/tmp/rules-pr-worktree/tmp/comparison-tools/magika2-deferred-spike-v3/lib/libmagika_runtime_metal.dylib
dyld[88718]: running initializer 0x10b043e24 in /Users/elie/git/magika/tmp/rules-pr-worktree/tmp/comparison-tools/magika2-deferred-spike-v3/lib/libmagika_runtime_metal.dylib
dyld[88718]: running initializer 0x10b047688 in /Users/elie/git/magika/tmp/rules-pr-worktree/tmp/comparison-tools/magika2-deferred-spike-v3/lib/libmagika_runtime_metal.dylib
dyld[88718]: running initializer 0x10b04b5b0 in /Users/elie/git/magika/tmp/rules-pr-worktree/tmp/comparison-tools/magika2-deferred-spike-v3/lib/libmagika_runtime_metal.dylib
dyld[88718]: running initializer 0x10b47aefc in /Users/elie/git/magika/tmp/rules-pr-worktree/tmp/comparison-tools/magika2-deferred-spike-v3/lib/libmagika_runtime_metal.dylib
dyld[88718]: running initializer 0x10b47b4a4 in /Users/elie/git/magika/tmp/rules-pr-worktree/tmp/comparison-tools/magika2-deferred-spike-v3/lib/libmagika_runtime_metal.dylib
dyld[88718]: running initializer 0x10b47b5d4 in /Users/elie/git/magika/tmp/rules-pr-worktree/tmp/comparison-tools/magika2-deferred-spike-v3/lib/libmagika_runtime_metal.dylib
dyld[88718]: running initializer 0x10b47b75c in /Users/elie/git/magika/tmp/rules-pr-worktree/tmp/comparison-tools/magika2-deferred-spike-v3/lib/libmagika_runtime_metal.dylib
dyld[88718]: running initializer 0x10b47b9a4 in /Users/elie/git/magika/tmp/rules-pr-worktree/tmp/comparison-tools/magika2-deferred-spike-v3/lib/libmagika_runtime_metal.dylib
dyld[88718]: running initializer 0x10b47baa4 in /Users/elie/git/magika/tmp/rules-pr-worktree/tmp/comparison-tools/magika2-deferred-spike-v3/lib/libmagika_runtime_metal.dylib
dyld[88718]: running initializer 0x10b47bb50 in /Users/elie/git/magika/tmp/rules-pr-worktree/tmp/comparison-tools/magika2-deferred-spike-v3/lib/libmagika_runtime_metal.dylib
dyld[88718]: running initializer 0x10b47bd9c in /Users/elie/git/magika/tmp/rules-pr-worktree/tmp/comparison-tools/magika2-deferred-spike-v3/lib/libmagika_runtime_metal.dylib
dyld[88718]: running initializer 0x10b596060 in /Users/elie/git/magika/tmp/rules-pr-worktree/tmp/comparison-tools/magika2-deferred-spike-v3/lib/libmagika_runtime_metal.dylib
dyld[88718]: running initializer 0x10b5f8b5c in /Users/elie/git/magika/tmp/rules-pr-worktree/tmp/comparison-tools/magika2-deferred-spike-v3/lib/libmagika_runtime_metal.dylib
dyld[88718]: running initializer 0x10b5f9ac8 in /Users/elie/git/magika/tmp/rules-pr-worktree/tmp/comparison-tools/magika2-deferred-spike-v3/lib/libmagika_runtime_metal.dylib
dyld[88718]: running initializer 0x10b5fb77c in /Users/elie/git/magika/tmp/rules-pr-worktree/tmp/comparison-tools/magika2-deferred-spike-v3/lib/libmagika_runtime_metal.dylib
dyld[88718]: running initializer 0x10b5fc520 in /Users/elie/git/magika/tmp/rules-pr-worktree/tmp/comparison-tools/magika2-deferred-spike-v3/lib/libmagika_runtime_metal.dylib
dyld[88718]: running initializer 0x10b5fd700 in /Users/elie/git/magika/tmp/rules-pr-worktree/tmp/comparison-tools/magika2-deferred-spike-v3/lib/libmagika_runtime_metal.dylib
dyld[88718]: running initializer 0x10b5feee8 in /Users/elie/git/magika/tmp/rules-pr-worktree/tmp/comparison-tools/magika2-deferred-spike-v3/lib/libmagika_runtime_metal.dylib
dyld[88718]: running initializer 0x10b60070c in /Users/elie/git/magika/tmp/rules-pr-worktree/tmp/comparison-tools/magika2-deferred-spike-v3/lib/libmagika_runtime_metal.dylib
dyld[88718]: running initializer 0x10b601a40 in /Users/elie/git/magika/tmp/rules-pr-worktree/tmp/comparison-tools/magika2-deferred-spike-v3/lib/libmagika_runtime_metal.dylib
dyld[88718]: running initializer 0x10b603690 in /Users/elie/git/magika/tmp/rules-pr-worktree/tmp/comparison-tools/magika2-deferred-spike-v3/lib/libmagika_runtime_metal.dylib
dyld[88718]: running initializer 0x10b604900 in /Users/elie/git/magika/tmp/rules-pr-worktree/tmp/comparison-tools/magika2-deferred-spike-v3/lib/libmagika_runtime_metal.dylib
dyld[88718]: running initializer 0x10b6057e0 in /Users/elie/git/magika/tmp/rules-pr-worktree/tmp/comparison-tools/magika2-deferred-spike-v3/lib/libmagika_runtime_metal.dylib
dyld[88718]: running initializer 0x10b606eec in /Users/elie/git/magika/tmp/rules-pr-worktree/tmp/comparison-tools/magika2-deferred-spike-v3/lib/libmagika_runtime_metal.dylib
dyld[88718]: running initializer 0x10b607e34 in /Users/elie/git/magika/tmp/rules-pr-worktree/tmp/comparison-tools/magika2-deferred-spike-v3/lib/libmagika_runtime_metal.dylib
dyld[88718]: running initializer 0x10b607f68 in /Users/elie/git/magika/tmp/rules-pr-worktree/tmp/comparison-tools/magika2-deferred-spike-v3/lib/libmagika_runtime_metal.dylib
dyld[88718]: running initializer 0x10b60935c in /Users/elie/git/magika/tmp/rules-pr-worktree/tmp/comparison-tools/magika2-deferred-spike-v3/lib/libmagika_runtime_metal.dylib
dyld[88718]: running initializer 0x10b60c9d4 in /Users/elie/git/magika/tmp/rules-pr-worktree/tmp/comparison-tools/magika2-deferred-spike-v3/lib/libmagika_runtime_metal.dylib
dyld[88718]: running initializer 0x10b60e0dc in /Users/elie/git/magika/tmp/rules-pr-worktree/tmp/comparison-tools/magika2-deferred-spike-v3/lib/libmagika_runtime_metal.dylib
dyld[88718]: running initializer 0x10b60e584 in /Users/elie/git/magika/tmp/rules-pr-worktree/tmp/comparison-tools/magika2-deferred-spike-v3/lib/libmagika_runtime_metal.dylib
dyld[88718]: running initializer 0x10b6f6388 in /Users/elie/git/magika/tmp/rules-pr-worktree/tmp/comparison-tools/magika2-deferred-spike-v3/lib/libmagika_runtime_metal.dylib
dyld[88718]: running initializer 0x10b74a39c in /Users/elie/git/magika/tmp/rules-pr-worktree/tmp/comparison-tools/magika2-deferred-spike-v3/lib/libmagika_runtime_metal.dylib
dyld[88718]: running initializer 0x10b74a574 in /Users/elie/git/magika/tmp/rules-pr-worktree/tmp/comparison-tools/magika2-deferred-spike-v3/lib/libmagika_runtime_metal.dylib
dyld[88718]: running initializer 0x10b74df44 in /Users/elie/git/magika/tmp/rules-pr-worktree/tmp/comparison-tools/magika2-deferred-spike-v3/lib/libmagika_runtime_metal.dylib
dyld[88718]: running initializer 0x10b74e110 in /Users/elie/git/magika/tmp/rules-pr-worktree/tmp/comparison-tools/magika2-deferred-spike-v3/lib/libmagika_runtime_metal.dylib
dyld[88718]: running initializer 0x10b74f088 in /Users/elie/git/magika/tmp/rules-pr-worktree/tmp/comparison-tools/magika2-deferred-spike-v3/lib/libmagika_runtime_metal.dylib
dyld[88718]: running initializer 0x10b74f194 in /Users/elie/git/magika/tmp/rules-pr-worktree/tmp/comparison-tools/magika2-deferred-spike-v3/lib/libmagika_runtime_metal.dylib
dyld[88718]: running initializer 0x10b74f36c in /Users/elie/git/magika/tmp/rules-pr-worktree/tmp/comparison-tools/magika2-deferred-spike-v3/lib/libmagika_runtime_metal.dylib
dyld[88718]: running initializer 0x10b74f538 in /Users/elie/git/magika/tmp/rules-pr-worktree/tmp/comparison-tools/magika2-deferred-spike-v3/lib/libmagika_runtime_metal.dylib
dyld[88718]: running initializer 0x10b74f608 in /Users/elie/git/magika/tmp/rules-pr-worktree/tmp/comparison-tools/magika2-deferred-spike-v3/lib/libmagika_runtime_metal.dylib
dyld[88718]: running initializer 0x1955b5fb8 in /System/Library/Frameworks/Network.framework/Versions/A/Network
dyld[88718]: running initializer 0x1955b60b4 in /System/Library/Frameworks/Network.framework/Versions/A/Network
dyld[88718]: running initializer 0x1955b61b0 in /System/Library/Frameworks/Network.framework/Versions/A/Network
dyld[88718]: running initializer 0x1955b62ac in /System/Library/Frameworks/Network.framework/Versions/A/Network
dyld[88718]: running initializer 0x1955b63a8 in /System/Library/Frameworks/Network.framework/Versions/A/Network
dyld[88718]: running initializer 0x1955b64a4 in /System/Library/Frameworks/Network.framework/Versions/A/Network
dyld[88718]: running initializer 0x1955b65a0 in /System/Library/Frameworks/Network.framework/Versions/A/Network
dyld[88718]: running initializer 0x1955b669c in /System/Library/Frameworks/Network.framework/Versions/A/Network
dyld[88718]: running initializer 0x1955b6798 in /System/Library/Frameworks/Network.framework/Versions/A/Network
dyld[88718]: running initializer 0x1955b6894 in /System/Library/Frameworks/Network.framework/Versions/A/Network
dyld[88718]: running initializer 0x1955b6990 in /System/Library/Frameworks/Network.framework/Versions/A/Network
dyld[88718]: running initializer 0x1955b6a8c in /System/Library/Frameworks/Network.framework/Versions/A/Network
dyld[88718]: running initializer 0x1955b6b88 in /System/Library/Frameworks/Network.framework/Versions/A/Network
dyld[88718]: running initializer 0x1955b6c84 in /System/Library/Frameworks/Network.framework/Versions/A/Network
dyld[88718]: running initializer 0x1955b6d80 in /System/Library/Frameworks/Network.framework/Versions/A/Network
dyld[88718]: running initializer 0x1955b6e7c in /System/Library/Frameworks/Network.framework/Versions/A/Network
dyld[88718]: running initializer 0x1955b6f78 in /System/Library/Frameworks/Network.framework/Versions/A/Network
dyld[88718]: running initializer 0x1955b7074 in /System/Library/Frameworks/Network.framework/Versions/A/Network
dyld[88718]: running initializer 0x1955b7170 in /System/Library/Frameworks/Network.framework/Versions/A/Network
dyld[88718]: running initializer 0x1955b726c in /System/Library/Frameworks/Network.framework/Versions/A/Network
dyld[88718]: running initializer 0x1955b7368 in /System/Library/Frameworks/Network.framework/Versions/A/Network
dyld[88718]: running initializer 0x1955b7464 in /System/Library/Frameworks/Network.framework/Versions/A/Network
dyld[88718]: running initializer 0x1955b7560 in /System/Library/Frameworks/Network.framework/Versions/A/Network
dyld[88718]: running initializer 0x1955b765c in /System/Library/Frameworks/Network.framework/Versions/A/Network
dyld[88718]: running initializer 0x1955b7758 in /System/Library/Frameworks/Network.framework/Versions/A/Network
dyld[88718]: running initializer 0x1955b7854 in /System/Library/Frameworks/Network.framework/Versions/A/Network
dyld[88718]: running initializer 0x1955b7950 in /System/Library/Frameworks/Network.framework/Versions/A/Network
dyld[88718]: running initializer 0x1955b7a4c in /System/Library/Frameworks/Network.framework/Versions/A/Network
dyld[88718]: running initializer 0x1955b7b48 in /System/Library/Frameworks/Network.framework/Versions/A/Network
dyld[88718]: running initializer 0x1955b7c44 in /System/Library/Frameworks/Network.framework/Versions/A/Network
dyld[88718]: running initializer 0x1955b7d40 in /System/Library/Frameworks/Network.framework/Versions/A/Network
dyld[88718]: running initializer 0x1955b7e3c in /System/Library/Frameworks/Network.framework/Versions/A/Network
dyld[88718]: running initializer 0x1955b7f38 in /System/Library/Frameworks/Network.framework/Versions/A/Network
dyld[88718]: running initializer 0x1955b8034 in /System/Library/Frameworks/Network.framework/Versions/A/Network
dyld[88718]: running initializer 0x1955b8130 in /System/Library/Frameworks/Network.framework/Versions/A/Network
dyld[88718]: running initializer 0x1955b822c in /System/Library/Frameworks/Network.framework/Versions/A/Network
dyld[88718]: running initializer 0x1955b8328 in /System/Library/Frameworks/Network.framework/Versions/A/Network
dyld[88718]: running initializer 0x1955b8424 in /System/Library/Frameworks/Network.framework/Versions/A/Network
dyld[88718]: running initializer 0x1955b8520 in /System/Library/Frameworks/Network.framework/Versions/A/Network
dyld[88718]: running initializer 0x1955b861c in /System/Library/Frameworks/Network.framework/Versions/A/Network
dyld[88718]: running initializer 0x1955b8718 in /System/Library/Frameworks/Network.framework/Versions/A/Network
dyld[88718]: running initializer 0x1955b8814 in /System/Library/Frameworks/Network.framework/Versions/A/Network
dyld[88718]: running initializer 0x1955b8910 in /System/Library/Frameworks/Network.framework/Versions/A/Network
dyld[88718]: running initializer 0x1955b8a0c in /System/Library/Frameworks/Network.framework/Versions/A/Network
dyld[88718]: running initializer 0x1955b8b08 in /System/Library/Frameworks/Network.framework/Versions/A/Network
dyld[88718]: running initializer 0x1955b8c04 in /System/Library/Frameworks/Network.framework/Versions/A/Network
dyld[88718]: running initializer 0x1955b8d00 in /System/Library/Frameworks/Network.framework/Versions/A/Network
dyld[88718]: running initializer 0x1955b8dfc in /System/Library/Frameworks/Network.framework/Versions/A/Network
dyld[88718]: running initializer 0x1955b8ef8 in /System/Library/Frameworks/Network.framework/Versions/A/Network
dyld[88718]: running initializer 0x1955b8ff4 in /System/Library/Frameworks/Network.framework/Versions/A/Network
dyld[88718]: running initializer 0x1955b90f0 in /System/Library/Frameworks/Network.framework/Versions/A/Network
dyld[88718]: running initializer 0x1955b91ec in /System/Library/Frameworks/Network.framework/Versions/A/Network
dyld[88718]: running initializer 0x1955b92e8 in /System/Library/Frameworks/Network.framework/Versions/A/Network
dyld[88718]: running initializer 0x1955b93e4 in /System/Library/Frameworks/Network.framework/Versions/A/Network
dyld[88718]: running initializer 0x1955b94e0 in /System/Library/Frameworks/Network.framework/Versions/A/Network
dyld[88718]: running initializer 0x1955b95dc in /System/Library/Frameworks/Network.framework/Versions/A/Network
dyld[88718]: running initializer 0x1955b96d8 in /System/Library/Frameworks/Network.framework/Versions/A/Network
dyld[88718]: running initializer 0x1955b97d4 in /System/Library/Frameworks/Network.framework/Versions/A/Network
dyld[88718]: running initializer 0x1955b98d0 in /System/Library/Frameworks/Network.framework/Versions/A/Network
dyld[88718]: running initializer 0x1955b99cc in /System/Library/Frameworks/Network.framework/Versions/A/Network
dyld[88718]: running initializer 0x1955b9ac8 in /System/Library/Frameworks/Network.framework/Versions/A/Network
dyld[88718]: running initializer 0x1955b9bc4 in /System/Library/Frameworks/Network.framework/Versions/A/Network
dyld[88718]: running initializer 0x1955b9cc0 in /System/Library/Frameworks/Network.framework/Versions/A/Network
dyld[88718]: running initializer 0x1955b9dbc in /System/Library/Frameworks/Network.framework/Versions/A/Network
dyld[88718]: running initializer 0x1955b9eb8 in /System/Library/Frameworks/Network.framework/Versions/A/Network
dyld[88718]: running initializer 0x1955b9fb4 in /System/Library/Frameworks/Network.framework/Versions/A/Network
dyld[88718]: running initializer 0x1955ba0b0 in /System/Library/Frameworks/Network.framework/Versions/A/Network
dyld[88718]: running initializer 0x1955ba1ac in /System/Library/Frameworks/Network.framework/Versions/A/Network
dyld[88718]: running initializer 0x1955ba2a8 in /System/Library/Frameworks/Network.framework/Versions/A/Network
dyld[88718]: running initializer 0x1955ba3a4 in /System/Library/Frameworks/Network.framework/Versions/A/Network
dyld[88718]: running initializer 0x1955ba4a0 in /System/Library/Frameworks/Network.framework/Versions/A/Network
dyld[88718]: running initializer 0x1955ba59c in /System/Library/Frameworks/Network.framework/Versions/A/Network
dyld[88718]: running initializer 0x1955ba698 in /System/Library/Frameworks/Network.framework/Versions/A/Network
dyld[88718]: running initializer 0x1955ba794 in /System/Library/Frameworks/Network.framework/Versions/A/Network
dyld[88718]: running initializer 0x1955ba890 in /System/Library/Frameworks/Network.framework/Versions/A/Network
dyld[88718]: running initializer 0x1955ba98c in /System/Library/Frameworks/Network.framework/Versions/A/Network
dyld[88718]: running initializer 0x1955baa88 in /System/Library/Frameworks/Network.framework/Versions/A/Network
dyld[88718]: running initializer 0x1955bab84 in /System/Library/Frameworks/Network.framework/Versions/A/Network
dyld[88718]: running initializer 0x1955bac80 in /System/Library/Frameworks/Network.framework/Versions/A/Network
dyld[88718]: running initializer 0x1955bad7c in /System/Library/Frameworks/Network.framework/Versions/A/Network
dyld[88718]: running initializer 0x1955bae78 in /System/Library/Frameworks/Network.framework/Versions/A/Network
dyld[88718]: running initializer 0x1955baf74 in /System/Library/Frameworks/Network.framework/Versions/A/Network
dyld[88718]: running initializer 0x1955bb070 in /System/Library/Frameworks/Network.framework/Versions/A/Network
dyld[88718]: running initializer 0x1955bb16c in /System/Library/Frameworks/Network.framework/Versions/A/Network
dyld[88718]: running initializer 0x1955bb268 in /System/Library/Frameworks/Network.framework/Versions/A/Network
dyld[88718]: running initializer 0x1955bb364 in /System/Library/Frameworks/Network.framework/Versions/A/Network
dyld[88718]: running initializer 0x1955bb460 in /System/Library/Frameworks/Network.framework/Versions/A/Network
dyld[88718]: running initializer 0x1955bb55c in /System/Library/Frameworks/Network.framework/Versions/A/Network
dyld[88718]: running initializer 0x1955bb658 in /System/Library/Frameworks/Network.framework/Versions/A/Network
dyld[88718]: running initializer 0x1955bb754 in /System/Library/Frameworks/Network.framework/Versions/A/Network
dyld[88718]: running initializer 0x1955bb850 in /System/Library/Frameworks/Network.framework/Versions/A/Network
dyld[88718]: running initializer 0x1955bb94c in /System/Library/Frameworks/Network.framework/Versions/A/Network
dyld[88718]: running initializer 0x1955bba48 in /System/Library/Frameworks/Network.framework/Versions/A/Network
dyld[88718]: running initializer 0x1955bbb44 in /System/Library/Frameworks/Network.framework/Versions/A/Network
dyld[88718]: running initializer 0x1955bbc40 in /System/Library/Frameworks/Network.framework/Versions/A/Network
dyld[88718]: running initializer 0x1955bbd3c in /System/Library/Frameworks/Network.framework/Versions/A/Network
dyld[88718]: running initializer 0x1955bbe38 in /System/Library/Frameworks/Network.framework/Versions/A/Network
dyld[88718]: running initializer 0x1955bbf34 in /System/Library/Frameworks/Network.framework/Versions/A/Network
dyld[88718]: running initializer 0x1955bc030 in /System/Library/Frameworks/Network.framework/Versions/A/Network
dyld[88718]: running initializer 0x1955bc12c in /System/Library/Frameworks/Network.framework/Versions/A/Network
dyld[88718]: running initializer 0x1955bc228 in /System/Library/Frameworks/Network.framework/Versions/A/Network
dyld[88718]: running initializer 0x1955bc324 in /System/Library/Frameworks/Network.framework/Versions/A/Network
dyld[88718]: running initializer 0x1955bc420 in /System/Library/Frameworks/Network.framework/Versions/A/Network
dyld[88718]: running initializer 0x1955bc51c in /System/Library/Frameworks/Network.framework/Versions/A/Network
dyld[88718]: running initializer 0x1955bc618 in /System/Library/Frameworks/Network.framework/Versions/A/Network
dyld[88718]: running initializer 0x1955bc714 in /System/Library/Frameworks/Network.framework/Versions/A/Network
dyld[88718]: running initializer 0x1955bc810 in /System/Library/Frameworks/Network.framework/Versions/A/Network
dyld[88718]: running initializer 0x1955bc90c in /System/Library/Frameworks/Network.framework/Versions/A/Network
dyld[88718]: running initializer 0x1955bca08 in /System/Library/Frameworks/Network.framework/Versions/A/Network
dyld[88718]: running initializer 0x1955bcb04 in /System/Library/Frameworks/Network.framework/Versions/A/Network
dyld[88718]: running initializer 0x1955bcc00 in /System/Library/Frameworks/Network.framework/Versions/A/Network
dyld[88718]: running initializer 0x1955bccfc in /System/Library/Frameworks/Network.framework/Versions/A/Network
dyld[88718]: running initializer 0x1955bcdf8 in /System/Library/Frameworks/Network.framework/Versions/A/Network
dyld[88718]: running initializer 0x1955bcef4 in /System/Library/Frameworks/Network.framework/Versions/A/Network
dyld[88718]: running initializer 0x1955bcff0 in /System/Library/Frameworks/Network.framework/Versions/A/Network
dyld[88718]: running initializer 0x1955bd0ec in /System/Library/Frameworks/Network.framework/Versions/A/Network
dyld[88718]: running initializer 0x1955bd1e8 in /System/Library/Frameworks/Network.framework/Versions/A/Network
dyld[88718]: running initializer 0x1955bd2e4 in /System/Library/Frameworks/Network.framework/Versions/A/Network
dyld[88718]: running initializer 0x1955bd3e0 in /System/Library/Frameworks/Network.framework/Versions/A/Network
dyld[88718]: running initializer 0x1955bd4dc in /System/Library/Frameworks/Network.framework/Versions/A/Network
dyld[88718]: running initializer 0x1955bd5d8 in /System/Library/Frameworks/Network.framework/Versions/A/Network
dyld[88718]: running initializer 0x1955bd6d4 in /System/Library/Frameworks/Network.framework/Versions/A/Network
dyld[88718]: running initializer 0x1955bd7d0 in /System/Library/Frameworks/Network.framework/Versions/A/Network
dyld[88718]: running initializer 0x1955bd8cc in /System/Library/Frameworks/Network.framework/Versions/A/Network
dyld[88718]: running initializer 0x1955bd9c8 in /System/Library/Frameworks/Network.framework/Versions/A/Network
dyld[88718]: running initializer 0x1955bdac4 in /System/Library/Frameworks/Network.framework/Versions/A/Network
dyld[88718]: running initializer 0x1955bdbc0 in /System/Library/Frameworks/Network.framework/Versions/A/Network
dyld[88718]: running initializer 0x1955bdcbc in /System/Library/Frameworks/Network.framework/Versions/A/Network
dyld[88718]: running initializer 0x1955bddb8 in /System/Library/Frameworks/Network.framework/Versions/A/Network
dyld[88718]: running initializer 0x1955bdeb4 in /System/Library/Frameworks/Network.framework/Versions/A/Network
dyld[88718]: running initializer 0x1955bdfb0 in /System/Library/Frameworks/Network.framework/Versions/A/Network
dyld[88718]: running initializer 0x1955be0ac in /System/Library/Frameworks/Network.framework/Versions/A/Network
dyld[88718]: running initializer 0x1955be1a8 in /System/Library/Frameworks/Network.framework/Versions/A/Network
dyld[88718]: running initializer 0x1955be2a4 in /System/Library/Frameworks/Network.framework/Versions/A/Network
dyld[88718]: running initializer 0x1955be3a0 in /System/Library/Frameworks/Network.framework/Versions/A/Network
dyld[88718]: running initializer 0x1955be49c in /System/Library/Frameworks/Network.framework/Versions/A/Network
dyld[88718]: running initializer 0x1955be598 in /System/Library/Frameworks/Network.framework/Versions/A/Network
dyld[88718]: running initializer 0x1955be694 in /System/Library/Frameworks/Network.framework/Versions/A/Network
dyld[88718]: running initializer 0x1955be790 in /System/Library/Frameworks/Network.framework/Versions/A/Network
dyld[88718]: running initializer 0x1955be88c in /System/Library/Frameworks/Network.framework/Versions/A/Network
dyld[88718]: running initializer 0x1955be988 in /System/Library/Frameworks/Network.framework/Versions/A/Network
dyld[88718]: running initializer 0x1955bea84 in /System/Library/Frameworks/Network.framework/Versions/A/Network
dyld[88718]: running initializer 0x1955beb80 in /System/Library/Frameworks/Network.framework/Versions/A/Network
dyld[88718]: running initializer 0x1955bec7c in /System/Library/Frameworks/Network.framework/Versions/A/Network
dyld[88718]: running initializer 0x1955bed78 in /System/Library/Frameworks/Network.framework/Versions/A/Network
dyld[88718]: running initializer 0x1955bee74 in /System/Library/Frameworks/Network.framework/Versions/A/Network
dyld[88718]: running initializer 0x1955bef70 in /System/Library/Frameworks/Network.framework/Versions/A/Network
dyld[88718]: running initializer 0x1955bf06c in /System/Library/Frameworks/Network.framework/Versions/A/Network
dyld[88718]: running initializer 0x1955bf168 in /System/Library/Frameworks/Network.framework/Versions/A/Network
dyld[88718]: running initializer 0x1955bf264 in /System/Library/Frameworks/Network.framework/Versions/A/Network
dyld[88718]: running initializer 0x1955bf360 in /System/Library/Frameworks/Network.framework/Versions/A/Network
dyld[88718]: running initializer 0x1955bf45c in /System/Library/Frameworks/Network.framework/Versions/A/Network
dyld[88718]: running initializer 0x1955bf558 in /System/Library/Frameworks/Network.framework/Versions/A/Network
dyld[88718]: running initializer 0x1955bf654 in /System/Library/Frameworks/Network.framework/Versions/A/Network
dyld[88718]: running initializer 0x1955bf750 in /System/Library/Frameworks/Network.framework/Versions/A/Network
dyld[88718]: running initializer 0x1955bf84c in /System/Library/Frameworks/Network.framework/Versions/A/Network
dyld[88718]: running initializer 0x1955bf948 in /System/Library/Frameworks/Network.framework/Versions/A/Network
dyld[88718]: running initializer 0x1955bfa44 in /System/Library/Frameworks/Network.framework/Versions/A/Network
dyld[88718]: running initializer 0x1955bfb40 in /System/Library/Frameworks/Network.framework/Versions/A/Network
dyld[88718]: running initializer 0x1955bfc3c in /System/Library/Frameworks/Network.framework/Versions/A/Network
dyld[88718]: running initializer 0x1955bfd38 in /System/Library/Frameworks/Network.framework/Versions/A/Network
dyld[88718]: running initializer 0x1955bfe34 in /System/Library/Frameworks/Network.framework/Versions/A/Network
dyld[88718]: running initializer 0x1955bff30 in /System/Library/Frameworks/Network.framework/Versions/A/Network
dyld[88718]: running initializer 0x1955c002c in /System/Library/Frameworks/Network.framework/Versions/A/Network
dyld[88718]: running initializer 0x1955c0128 in /System/Library/Frameworks/Network.framework/Versions/A/Network
dyld[88718]: running initializer 0x1955c0224 in /System/Library/Frameworks/Network.framework/Versions/A/Network
dyld[88718]: running initializer 0x1955c0320 in /System/Library/Frameworks/Network.framework/Versions/A/Network
dyld[88718]: running initializer 0x1955c041c in /System/Library/Frameworks/Network.framework/Versions/A/Network
dyld[88718]: running initializer 0x1955c0518 in /System/Library/Frameworks/Network.framework/Versions/A/Network
dyld[88718]: running initializer 0x1955c0614 in /System/Library/Frameworks/Network.framework/Versions/A/Network
dyld[88718]: running initializer 0x1955c0710 in /System/Library/Frameworks/Network.framework/Versions/A/Network
dyld[88718]: running initializer 0x1955c080c in /System/Library/Frameworks/Network.framework/Versions/A/Network
dyld[88718]: running initializer 0x1955c0908 in /System/Library/Frameworks/Network.framework/Versions/A/Network
dyld[88718]: running initializer 0x1955c0a04 in /System/Library/Frameworks/Network.framework/Versions/A/Network
dyld[88718]: running initializer 0x1955c0b00 in /System/Library/Frameworks/Network.framework/Versions/A/Network
dyld[88718]: running initializer 0x1955c0bfc in /System/Library/Frameworks/Network.framework/Versions/A/Network
dyld[88718]: running initializer 0x1955c0cf8 in /System/Library/Frameworks/Network.framework/Versions/A/Network
dyld[88718]: running initializer 0x1955c0df4 in /System/Library/Frameworks/Network.framework/Versions/A/Network
dyld[88718]: running initializer 0x1955c0ef0 in /System/Library/Frameworks/Network.framework/Versions/A/Network
dyld[88718]: running initializer 0x1955c0fec in /System/Library/Frameworks/Network.framework/Versions/A/Network
dyld[88718]: running initializer 0x1955c10e8 in /System/Library/Frameworks/Network.framework/Versions/A/Network
dyld[88718]: running initializer 0x1955c11e4 in /System/Library/Frameworks/Network.framework/Versions/A/Network
dyld[88718]: running initializer 0x1955c12e0 in /System/Library/Frameworks/Network.framework/Versions/A/Network
dyld[88718]: running initializer 0x1955c13dc in /System/Library/Frameworks/Network.framework/Versions/A/Network
dyld[88718]: running initializer 0x1955c14d8 in /System/Library/Frameworks/Network.framework/Versions/A/Network
dyld[88718]: running initializer 0x1955c15d4 in /System/Library/Frameworks/Network.framework/Versions/A/Network
dyld[88718]: running initializer 0x1955c16d0 in /System/Library/Frameworks/Network.framework/Versions/A/Network
dyld[88718]: running initializer 0x1955c17cc in /System/Library/Frameworks/Network.framework/Versions/A/Network
dyld[88718]: running initializer 0x1955c18c8 in /System/Library/Frameworks/Network.framework/Versions/A/Network
dyld[88718]: running initializer 0x1955c19c4 in /System/Library/Frameworks/Network.framework/Versions/A/Network
dyld[88718]: running initializer 0x1955c1ac0 in /System/Library/Frameworks/Network.framework/Versions/A/Network
dyld[88718]: running initializer 0x1955c1bbc in /System/Library/Frameworks/Network.framework/Versions/A/Network
dyld[88718]: running initializer 0x1955c1cb8 in /System/Library/Frameworks/Network.framework/Versions/A/Network
dyld[88718]: running initializer 0x1955c1db4 in /System/Library/Frameworks/Network.framework/Versions/A/Network
dyld[88718]: running initializer 0x1955c1eb0 in /System/Library/Frameworks/Network.framework/Versions/A/Network
dyld[88718]: running initializer 0x1955c1fac in /System/Library/Frameworks/Network.framework/Versions/A/Network
dyld[88718]: running initializer 0x1955c20a8 in /System/Library/Frameworks/Network.framework/Versions/A/Network
dyld[88718]: running initializer 0x1955c21a4 in /System/Library/Frameworks/Network.framework/Versions/A/Network
dyld[88718]: running initializer 0x1955c22a0 in /System/Library/Frameworks/Network.framework/Versions/A/Network
dyld[88718]: running initializer 0x1955c239c in /System/Library/Frameworks/Network.framework/Versions/A/Network
dyld[88718]: running initializer 0x1955c2498 in /System/Library/Frameworks/Network.framework/Versions/A/Network
dyld[88718]: running initializer 0x194f5db2c in /System/Library/Frameworks/Network.framework/Versions/A/Network
dyld[88718]: running initializer 0x1955c2594 in /System/Library/Frameworks/Network.framework/Versions/A/Network
dyld[88718]: running initializer 0x1955c2690 in /System/Library/Frameworks/Network.framework/Versions/A/Network
dyld[88718]: running initializer 0x1955c278c in /System/Library/Frameworks/Network.framework/Versions/A/Network
dyld[88718]: running initializer 0x1955c2888 in /System/Library/Frameworks/Network.framework/Versions/A/Network
dyld[88718]: running initializer 0x1955c2984 in /System/Library/Frameworks/Network.framework/Versions/A/Network
dyld[88718]: running initializer 0x1955c2a80 in /System/Library/Frameworks/Network.framework/Versions/A/Network
dyld[88718]: running initializer 0x1955c2b7c in /System/Library/Frameworks/Network.framework/Versions/A/Network
dyld[88718]: running initializer 0x1955c2c78 in /System/Library/Frameworks/Network.framework/Versions/A/Network
dyld[88718]: running initializer 0x1955c2d74 in /System/Library/Frameworks/Network.framework/Versions/A/Network
dyld[88718]: running initializer 0x1955c2e70 in /System/Library/Frameworks/Network.framework/Versions/A/Network
dyld[88718]: running initializer 0x1955c2f6c in /System/Library/Frameworks/Network.framework/Versions/A/Network
dyld[88718]: running initializer 0x1955c3068 in /System/Library/Frameworks/Network.framework/Versions/A/Network
dyld[88718]: running initializer 0x1955c3164 in /System/Library/Frameworks/Network.framework/Versions/A/Network
dyld[88718]: running initializer 0x1955c3260 in /System/Library/Frameworks/Network.framework/Versions/A/Network
dyld[88718]: running initializer 0x1955c335c in /System/Library/Frameworks/Network.framework/Versions/A/Network
dyld[88718]: running initializer 0x1955c3458 in /System/Library/Frameworks/Network.framework/Versions/A/Network
dyld[88718]: running initializer 0x1955c3554 in /System/Library/Frameworks/Network.framework/Versions/A/Network
dyld[88718]: running initializer 0x1955c3650 in /System/Library/Frameworks/Network.framework/Versions/A/Network
dyld[88718]: running initializer 0x1955c374c in /System/Library/Frameworks/Network.framework/Versions/A/Network
dyld[88718]: running initializer 0x1955c3848 in /System/Library/Frameworks/Network.framework/Versions/A/Network
dyld[88718]: running initializer 0x1955c3944 in /System/Library/Frameworks/Network.framework/Versions/A/Network
dyld[88718]: running initializer 0x1955c3a40 in /System/Library/Frameworks/Network.framework/Versions/A/Network
dyld[88718]: running initializer 0x1955c3b3c in /System/Library/Frameworks/Network.framework/Versions/A/Network
dyld[88718]: running initializer 0x1955c3c38 in /System/Library/Frameworks/Network.framework/Versions/A/Network
dyld[88718]: running initializer 0x1955c3d34 in /System/Library/Frameworks/Network.framework/Versions/A/Network
dyld[88718]: running initializer 0x1955c3e30 in /System/Library/Frameworks/Network.framework/Versions/A/Network
dyld[88718]: running initializer 0x1955c3f2c in /System/Library/Frameworks/Network.framework/Versions/A/Network
dyld[88718]: running initializer 0x1955c4028 in /System/Library/Frameworks/Network.framework/Versions/A/Network
dyld[88718]: running initializer 0x1955c4124 in /System/Library/Frameworks/Network.framework/Versions/A/Network
dyld[88718]: running initializer 0x1955c4220 in /System/Library/Frameworks/Network.framework/Versions/A/Network
dyld[88718]: running initializer 0x1955c431c in /System/Library/Frameworks/Network.framework/Versions/A/Network
dyld[88718]: running initializer 0x1955c4418 in /System/Library/Frameworks/Network.framework/Versions/A/Network
dyld[88718]: running initializer 0x1955c4514 in /System/Library/Frameworks/Network.framework/Versions/A/Network
dyld[88718]: running initializer 0x1955c4610 in /System/Library/Frameworks/Network.framework/Versions/A/Network
dyld[88718]: running initializer 0x1955c470c in /System/Library/Frameworks/Network.framework/Versions/A/Network
dyld[88718]: running initializer 0x1955c4808 in /System/Library/Frameworks/Network.framework/Versions/A/Network
dyld[88718]: running initializer 0x1955c4904 in /System/Library/Frameworks/Network.framework/Versions/A/Network
dyld[88718]: running initializer 0x1955c4a00 in /System/Library/Frameworks/Network.framework/Versions/A/Network
dyld[88718]: running initializer 0x1955c4afc in /System/Library/Frameworks/Network.framework/Versions/A/Network
dyld[88718]: running initializer 0x1955c4bf8 in /System/Library/Frameworks/Network.framework/Versions/A/Network
dyld[88718]: running initializer 0x1955c4cf4 in /System/Library/Frameworks/Network.framework/Versions/A/Network
dyld[88718]: running initializer 0x1955c4df0 in /System/Library/Frameworks/Network.framework/Versions/A/Network
dyld[88718]: running initializer 0x1955c4eec in /System/Library/Frameworks/Network.framework/Versions/A/Network
dyld[88718]: running initializer 0x1955c4fe8 in /System/Library/Frameworks/Network.framework/Versions/A/Network
dyld[88718]: running initializer 0x1955c50e4 in /System/Library/Frameworks/Network.framework/Versions/A/Network
dyld[88718]: running initializer 0x1955c51e0 in /System/Library/Frameworks/Network.framework/Versions/A/Network
dyld[88718]: running initializer 0x1955c52dc in /System/Library/Frameworks/Network.framework/Versions/A/Network
dyld[88718]: running initializer 0x1955c53d8 in /System/Library/Frameworks/Network.framework/Versions/A/Network
dyld[88718]: running initializer 0x1955c54d4 in /System/Library/Frameworks/Network.framework/Versions/A/Network
dyld[88718]: running initializer 0x1955c55d0 in /System/Library/Frameworks/Network.framework/Versions/A/Network
dyld[88718]: running initializer 0x1955c56cc in /System/Library/Frameworks/Network.framework/Versions/A/Network
dyld[88718]: running initializer 0x1955c57c8 in /System/Library/Frameworks/Network.framework/Versions/A/Network
dyld[88718]: running initializer 0x1955c58c4 in /System/Library/Frameworks/Network.framework/Versions/A/Network
dyld[88718]: running initializer 0x1955c59c0 in /System/Library/Frameworks/Network.framework/Versions/A/Network
dyld[88718]: running initializer 0x1955c5abc in /System/Library/Frameworks/Network.framework/Versions/A/Network
dyld[88718]: running initializer 0x1955c5bb8 in /System/Library/Frameworks/Network.framework/Versions/A/Network
dyld[88718]: running initializer 0x1955c5cb4 in /System/Library/Frameworks/Network.framework/Versions/A/Network
dyld[88718]: running initializer 0x1955c5db0 in /System/Library/Frameworks/Network.framework/Versions/A/Network
dyld[88718]: running initializer 0x1955c5eac in /System/Library/Frameworks/Network.framework/Versions/A/Network
dyld[88718]: running initializer 0x1955c5fa8 in /System/Library/Frameworks/Network.framework/Versions/A/Network
dyld[88718]: running initializer 0x1955c60a4 in /System/Library/Frameworks/Network.framework/Versions/A/Network
dyld[88718]: running initializer 0x1955c61a0 in /System/Library/Frameworks/Network.framework/Versions/A/Network
dyld[88718]: running initializer 0x1955c629c in /System/Library/Frameworks/Network.framework/Versions/A/Network
dyld[88718]: running initializer 0x1955c6398 in /System/Library/Frameworks/Network.framework/Versions/A/Network
dyld[88718]: running initializer 0x1955c6494 in /System/Library/Frameworks/Network.framework/Versions/A/Network
dyld[88718]: running initializer 0x1955c6590 in /System/Library/Frameworks/Network.framework/Versions/A/Network
dyld[88718]: running initializer 0x1955c668c in /System/Library/Frameworks/Network.framework/Versions/A/Network
dyld[88718]: running initializer 0x1955c6788 in /System/Library/Frameworks/Network.framework/Versions/A/Network
dyld[88718]: running initializer 0x1955c6884 in /System/Library/Frameworks/Network.framework/Versions/A/Network
dyld[88718]: running initializer 0x1955c6980 in /System/Library/Frameworks/Network.framework/Versions/A/Network
dyld[88718]: running initializer 0x1955c6a7c in /System/Library/Frameworks/Network.framework/Versions/A/Network
dyld[88718]: running initializer 0x1955c6b78 in /System/Library/Frameworks/Network.framework/Versions/A/Network
dyld[88718]: running initializer 0x1955c6c74 in /System/Library/Frameworks/Network.framework/Versions/A/Network
dyld[88718]: running initializer 0x1955c6d70 in /System/Library/Frameworks/Network.framework/Versions/A/Network
dyld[88718]: running initializer 0x1955c6e6c in /System/Library/Frameworks/Network.framework/Versions/A/Network
dyld[88718]: running initializer 0x1955c6f68 in /System/Library/Frameworks/Network.framework/Versions/A/Network
dyld[88718]: running initializer 0x1955c7064 in /System/Library/Frameworks/Network.framework/Versions/A/Network
dyld[88718]: running initializer 0x1955c7160 in /System/Library/Frameworks/Network.framework/Versions/A/Network
dyld[88718]: running initializer 0x1955c725c in /System/Library/Frameworks/Network.framework/Versions/A/Network
dyld[88718]: running initializer 0x1955c7358 in /System/Library/Frameworks/Network.framework/Versions/A/Network
dyld[88718]: running initializer 0x1955c7454 in /System/Library/Frameworks/Network.framework/Versions/A/Network
dyld[88718]: running initializer 0x1955c7550 in /System/Library/Frameworks/Network.framework/Versions/A/Network
dyld[88718]: running initializer 0x1955c764c in /System/Library/Frameworks/Network.framework/Versions/A/Network
dyld[88718]: running initializer 0x1955c7748 in /System/Library/Frameworks/Network.framework/Versions/A/Network
dyld[88718]: running initializer 0x1955c7844 in /System/Library/Frameworks/Network.framework/Versions/A/Network
dyld[88718]: running initializer 0x1955c7940 in /System/Library/Frameworks/Network.framework/Versions/A/Network
dyld[88718]: running initializer 0x1955c7a3c in /System/Library/Frameworks/Network.framework/Versions/A/Network
dyld[88718]: running initializer 0x1955c7b38 in /System/Library/Frameworks/Network.framework/Versions/A/Network
dyld[88718]: running initializer 0x1955c7c34 in /System/Library/Frameworks/Network.framework/Versions/A/Network
dyld[88718]: running initializer 0x1955c7d30 in /System/Library/Frameworks/Network.framework/Versions/A/Network
dyld[88718]: running initializer 0x1955c7e2c in /System/Library/Frameworks/Network.framework/Versions/A/Network
dyld[88718]: running initializer 0x1955c7f28 in /System/Library/Frameworks/Network.framework/Versions/A/Network
dyld[88718]: running initializer 0x1955c8024 in /System/Library/Frameworks/Network.framework/Versions/A/Network
dyld[88718]: running initializer 0x1955c8120 in /System/Library/Frameworks/Network.framework/Versions/A/Network
dyld[88718]: running initializer 0x1955c821c in /System/Library/Frameworks/Network.framework/Versions/A/Network
dyld[88718]: running initializer 0x1955c8318 in /System/Library/Frameworks/Network.framework/Versions/A/Network
dyld[88718]: running initializer 0x1955c8414 in /System/Library/Frameworks/Network.framework/Versions/A/Network
dyld[88718]: running initializer 0x1955c8510 in /System/Library/Frameworks/Network.framework/Versions/A/Network
dyld[88718]: running initializer 0x1955c860c in /System/Library/Frameworks/Network.framework/Versions/A/Network
dyld[88718]: running initializer 0x1955c8708 in /System/Library/Frameworks/Network.framework/Versions/A/Network
dyld[88718]: running initializer 0x1955c8804 in /System/Library/Frameworks/Network.framework/Versions/A/Network
dyld[88718]: running initializer 0x1955c8900 in /System/Library/Frameworks/Network.framework/Versions/A/Network
dyld[88718]: running initializer 0x1955c89fc in /System/Library/Frameworks/Network.framework/Versions/A/Network
dyld[88718]: running initializer 0x1955c8af8 in /System/Library/Frameworks/Network.framework/Versions/A/Network
dyld[88718]: running initializer 0x1955c8bf4 in /System/Library/Frameworks/Network.framework/Versions/A/Network
dyld[88718]: running initializer 0x1955c8cf0 in /System/Library/Frameworks/Network.framework/Versions/A/Network
dyld[88718]: running initializer 0x1955c9320 in /System/Library/Frameworks/Network.framework/Versions/A/Network
dyld[88718]: running initializer 0x1955c941c in /System/Library/Frameworks/Network.framework/Versions/A/Network
dyld[88718]: running initializer 0x1955c9518 in /System/Library/Frameworks/Network.framework/Versions/A/Network
dyld[88718]: running initializer 0x1955c9614 in /System/Library/Frameworks/Network.framework/Versions/A/Network
dyld[88718]: running initializer 0x1955c9710 in /System/Library/Frameworks/Network.framework/Versions/A/Network
dyld[88718]: running initializer 0x1955c980c in /System/Library/Frameworks/Network.framework/Versions/A/Network
dyld[88718]: running initializer 0x1955c9908 in /System/Library/Frameworks/Network.framework/Versions/A/Network
dyld[88718]: running initializer 0x1955c9a04 in /System/Library/Frameworks/Network.framework/Versions/A/Network
dyld[88718]: running initializer 0x1955c9b00 in /System/Library/Frameworks/Network.framework/Versions/A/Network
dyld[88718]: running initializer 0x1955c9bfc in /System/Library/Frameworks/Network.framework/Versions/A/Network
dyld[88718]: running initializer 0x1955c9cf8 in /System/Library/Frameworks/Network.framework/Versions/A/Network
dyld[88718]: running initializer 0x1955c9df4 in /System/Library/Frameworks/Network.framework/Versions/A/Network
dyld[88718]: running initializer 0x1955c9ef0 in /System/Library/Frameworks/Network.framework/Versions/A/Network
dyld[88718]: running initializer 0x1955c9fec in /System/Library/Frameworks/Network.framework/Versions/A/Network
dyld[88718]: running initializer 0x1955ca0e8 in /System/Library/Frameworks/Network.framework/Versions/A/Network
dyld[88718]: running initializer 0x1955ca1e4 in /System/Library/Frameworks/Network.framework/Versions/A/Network
dyld[88718]: running initializer 0x1955ca2e0 in /System/Library/Frameworks/Network.framework/Versions/A/Network
dyld[88718]: running initializer 0x1955ca3dc in /System/Library/Frameworks/Network.framework/Versions/A/Network
dyld[88718]: running initializer 0x1955ca4d8 in /System/Library/Frameworks/Network.framework/Versions/A/Network
dyld[88718]: running initializer 0x1955ca5d4 in /System/Library/Frameworks/Network.framework/Versions/A/Network
dyld[88718]: running initializer 0x1955ca6d0 in /System/Library/Frameworks/Network.framework/Versions/A/Network
dyld[88718]: running initializer 0x1955ca7cc in /System/Library/Frameworks/Network.framework/Versions/A/Network
dyld[88718]: running initializer 0x1955ca8c8 in /System/Library/Frameworks/Network.framework/Versions/A/Network
dyld[88718]: running initializer 0x1955ca9c4 in /System/Library/Frameworks/Network.framework/Versions/A/Network
dyld[88718]: running initializer 0x1955caac0 in /System/Library/Frameworks/Network.framework/Versions/A/Network
dyld[88718]: running initializer 0x1955cabbc in /System/Library/Frameworks/Network.framework/Versions/A/Network
dyld[88718]: running initializer 0x1955cacb8 in /System/Library/Frameworks/Network.framework/Versions/A/Network
dyld[88718]: running initializer 0x1955cadb4 in /System/Library/Frameworks/Network.framework/Versions/A/Network
dyld[88718]: running initializer 0x1955caeb0 in /System/Library/Frameworks/Network.framework/Versions/A/Network
dyld[88718]: running initializer 0x1955cafac in /System/Library/Frameworks/Network.framework/Versions/A/Network
dyld[88718]: running initializer 0x1955cb0a8 in /System/Library/Frameworks/Network.framework/Versions/A/Network
dyld[88718]: running initializer 0x1955cb1a4 in /System/Library/Frameworks/Network.framework/Versions/A/Network
dyld[88718]: running initializer 0x1955cb2a0 in /System/Library/Frameworks/Network.framework/Versions/A/Network
dyld[88718]: running initializer 0x1955cb39c in /System/Library/Frameworks/Network.framework/Versions/A/Network
dyld[88718]: running initializer 0x1955cb498 in /System/Library/Frameworks/Network.framework/Versions/A/Network
dyld[88718]: running initializer 0x1955cb594 in /System/Library/Frameworks/Network.framework/Versions/A/Network
dyld[88718]: running initializer 0x1955cb690 in /System/Library/Frameworks/Network.framework/Versions/A/Network
dyld[88718]: running initializer 0x1955cb78c in /System/Library/Frameworks/Network.framework/Versions/A/Network
dyld[88718]: running initializer 0x1955cb888 in /System/Library/Frameworks/Network.framework/Versions/A/Network
dyld[88718]: running initializer 0x1955cb984 in /System/Library/Frameworks/Network.framework/Versions/A/Network
dyld[88718]: running initializer 0x1955cba80 in /System/Library/Frameworks/Network.framework/Versions/A/Network
dyld[88718]: running initializer 0x1955cbb7c in /System/Library/Frameworks/Network.framework/Versions/A/Network
dyld[88718]: running initializer 0x1955cbc78 in /System/Library/Frameworks/Network.framework/Versions/A/Network
dyld[88718]: running initializer 0x1955cbd74 in /System/Library/Frameworks/Network.framework/Versions/A/Network
dyld[88718]: running initializer 0x1955cbe70 in /System/Library/Frameworks/Network.framework/Versions/A/Network
dyld[88718]: running initializer 0x1955cbf6c in /System/Library/Frameworks/Network.framework/Versions/A/Network
dyld[88718]: running initializer 0x1955cc068 in /System/Library/Frameworks/Network.framework/Versions/A/Network
dyld[88718]: running initializer 0x1955cc164 in /System/Library/Frameworks/Network.framework/Versions/A/Network
dyld[88718]: running initializer 0x1955cc260 in /System/Library/Frameworks/Network.framework/Versions/A/Network
dyld[88718]: running initializer 0x1955cc35c in /System/Library/Frameworks/Network.framework/Versions/A/Network
dyld[88718]: running initializer 0x1955cc458 in /System/Library/Frameworks/Network.framework/Versions/A/Network
dyld[88718]: running initializer 0x1955cc554 in /System/Library/Frameworks/Network.framework/Versions/A/Network
dyld[88718]: running initializer 0x1955cc650 in /System/Library/Frameworks/Network.framework/Versions/A/Network
dyld[88718]: running initializer 0x1955cc74c in /System/Library/Frameworks/Network.framework/Versions/A/Network
dyld[88718]: running initializer 0x1955cc848 in /System/Library/Frameworks/Network.framework/Versions/A/Network
dyld[88718]: running initializer 0x1955cc944 in /System/Library/Frameworks/Network.framework/Versions/A/Network
dyld[88718]: running initializer 0x1955cca40 in /System/Library/Frameworks/Network.framework/Versions/A/Network
dyld[88718]: running initializer 0x1a67fc7f0 in /System/Library/PrivateFrameworks/DebugSymbols.framework/Versions/A/DebugSymbols
dyld[88718]: running initializer 0x19d87fd40 in /System/Library/PrivateFrameworks/Heimdal.framework/Versions/A/Heimdal
dyld[88718]: running initializer 0x18e851550 in /System/Library/Frameworks/CoreDisplay.framework/Versions/A/CoreDisplay
dyld[88718]: running initializer 0x18e937c18 in /System/Library/Frameworks/CoreDisplay.framework/Versions/A/CoreDisplay
dyld[88718]: running initializer 0x18e851680 in /System/Library/Frameworks/CoreDisplay.framework/Versions/A/CoreDisplay
dyld[88718]: running initializer 0x18e85172c in /System/Library/Frameworks/CoreDisplay.framework/Versions/A/CoreDisplay
dyld[88718]: running initializer 0x18e8517ac in /System/Library/Frameworks/CoreDisplay.framework/Versions/A/CoreDisplay
dyld[88718]: running initializer 0x18e937c48 in /System/Library/Frameworks/CoreDisplay.framework/Versions/A/CoreDisplay
dyld[88718]: running initializer 0x18e937c7c in /System/Library/Frameworks/CoreDisplay.framework/Versions/A/CoreDisplay
dyld[88718]: running initializer 0x18e85186c in /System/Library/Frameworks/CoreDisplay.framework/Versions/A/CoreDisplay
dyld[88718]: running initializer 0x192abc29c in /System/Library/PrivateFrameworks/SkyLight.framework/Versions/A/SkyLight
dyld[88718]: running initializer 0x192abc2d0 in /System/Library/PrivateFrameworks/SkyLight.framework/Versions/A/SkyLight
dyld[88718]: running initializer 0x192abc33c in /System/Library/PrivateFrameworks/SkyLight.framework/Versions/A/SkyLight
dyld[88718]: running initializer 0x192abc3b4 in /System/Library/PrivateFrameworks/SkyLight.framework/Versions/A/SkyLight
dyld[88718]: running initializer 0x192abc420 in /System/Library/PrivateFrameworks/SkyLight.framework/Versions/A/SkyLight
dyld[88718]: running initializer 0x192abc498 in /System/Library/PrivateFrameworks/SkyLight.framework/Versions/A/SkyLight
dyld[88718]: running initializer 0x192abc504 in /System/Library/PrivateFrameworks/SkyLight.framework/Versions/A/SkyLight
dyld[88718]: running initializer 0x192abc57c in /System/Library/PrivateFrameworks/SkyLight.framework/Versions/A/SkyLight
dyld[88718]: running initializer 0x192abc5e8 in /System/Library/PrivateFrameworks/SkyLight.framework/Versions/A/SkyLight
dyld[88718]: running initializer 0x192abc660 in /System/Library/PrivateFrameworks/SkyLight.framework/Versions/A/SkyLight
dyld[88718]: running initializer 0x192abc6cc in /System/Library/PrivateFrameworks/SkyLight.framework/Versions/A/SkyLight
dyld[88718]: running initializer 0x192abc744 in /System/Library/PrivateFrameworks/SkyLight.framework/Versions/A/SkyLight
dyld[88718]: running initializer 0x192abc7c4 in /System/Library/PrivateFrameworks/SkyLight.framework/Versions/A/SkyLight
dyld[88718]: running initializer 0x1a834c594 in /System/Library/Frameworks/LDAP.framework/Versions/A/LDAP
dyld[88718]: <81E8AEAC-3AA5-3303-A8D0-B18B74A6D94B> /System/Library/Extensions/AGXMetalG17X.bundle/Contents/MacOS/AGXMetalG17X
dyld[88718]: <DC8D6A2E-C107-303D-8C74-16EE01D2A2F4> /System/Library/PrivateFrameworks/IOGPU.framework/Versions/A/IOGPU
